  [1m[35m (190.7ms)[0m  [1m[35mCREATE DATABASE "linear_clone_development" ENCODING = 'unicode' /*application='LinearClone'*/[0m
  [1m[35m (114.5ms)[0m  [1m[35mCREATE DATABASE "linear_clone_development" ENCODING = 'unicode' /*application='LinearClone'*/[0m
  [1m[35m (122.9ms)[0m  [1m[35mCREATE DATABASE "linear_clone_development" ENCODING = 'unicode' /*application='LinearClone'*/[0m
  [1m[35mSQL (0.4ms)[0m  [1m[35mSET search_path TO public /*application='LinearClone'*/[0m
  [1m[35m (137.7ms)[0m  [1m[35mCREATE DATABASE "linear_clone_development" ENCODING = 'unicode' /*application='LinearClone'*/[0m
  [1m[35mSQL (0.1ms)[0m  [1m[35mSET search_path TO public /*application='LinearClone'*/[0m
  [1m[35m (39.1ms)[0m  [1m[35mCREATE DATABASE "linear_clone_test" ENCODING = 'unicode' /*application='LinearClone'*/[0m
  [1m[35m (5.4ms)[0m  [1m[35mCREATE TABLE "schema_migrations" ("version" character varying NOT NULL PRIMARY KEY) /*application='LinearClone'*/[0m
  [1m[35m (1.1ms)[0m  [1m[35mCREATE TABLE "ar_internal_metadata" ("key" character varying NOT NULL PRIMARY KEY, "value" character varying, "created_at" timestamp(6) NOT NULL, "updated_at" timestamp(6) NOT NULL) /*application='LinearClone'*/[0m
  [1m[35m (0.1ms)[0m  [1m[34mSELECT pg_try_advisory_lock(225299084787497700) /*application='LinearClone'*/[0m
  [1m[36mActiveRecord::SchemaMigration Load (0.4ms)[0m  [1m[34mSELECT "schema_migrations"."version" FROM "schema_migrations" ORDER BY "schema_migrations"."version" ASC /*application='LinearClone'*/[0m
  [1m[36mActiveRecord::InternalMetadata Load (2.3ms)[0m  [1m[34mSELECT * FROM "ar_internal_metadata" WHERE "ar_internal_metadata"."key" = 'environment' ORDER BY "ar_internal_metadata"."key" ASC LIMIT 1 /*application='LinearClone'*/[0m
  [1m[36mActiveRecord::InternalMetadata Create (1.0ms)[0m  [1m[32mINSERT INTO "ar_internal_metadata" ("key", "value", "created_at", "updated_at") VALUES ('environment', 'development', '2026-01-22 13:51:52.800041', '2026-01-22 13:51:52.800043') RETURNING "key" /*application='LinearClone'*/[0m
Migrating to CreateUsers (20260122134214)
  [1m[36mTRANSACTION (0.1ms)[0m  [1m[35mBEGIN /*application='LinearClone'*/[0m
  [1m[35mSQL (290.4ms)[0m  [1m[35mCREATE EXTENSION IF NOT EXISTS "pgcrypto" /*application='LinearClone'*/[0m
  [1m[35mSQL (268.9ms)[0m  [1m[35mCREATE EXTENSION IF NOT EXISTS "pg_trgm" /*application='LinearClone'*/[0m
  [1m[35m (6.5ms)[0m  [1m[35mCREATE TABLE "users" ("id" uuid DEFAULT gen_random_uuid() NOT NULL PRIMARY KEY, "email" character varying NOT NULL, "password_digest" character varying NOT NULL, "name" character varying NOT NULL, "avatar_url" character varying, "timezone" character varying DEFAULT 'UTC', "created_at" timestamp(6) NOT NULL, "updated_at" timestamp(6) NOT NULL) /*application='LinearClone'*/[0m
  [1m[35m (1.1ms)[0m  [1m[35mCREATE UNIQUE INDEX "index_users_on_email" ON "users" ("email") /*application='LinearClone'*/[0m
  [1m[36mActiveRecord::SchemaMigration Create (0.3ms)[0m  [1m[32mINSERT INTO "schema_migrations" ("version") VALUES ('20260122134214') RETURNING "version" /*application='LinearClone'*/[0m
  [1m[36mTRANSACTION (0.9ms)[0m  [1m[35mCOMMIT /*application='LinearClone'*/[0m
Migrating to CreateWorkspaces (20260122134227)
  [1m[36mTRANSACTION (0.3ms)[0m  [1m[35mBEGIN /*application='LinearClone'*/[0m
  [1m[35m (3.3ms)[0m  [1m[35mCREATE TABLE "workspaces" ("id" uuid DEFAULT gen_random_uuid() NOT NULL PRIMARY KEY, "name" character varying NOT NULL, "slug" character varying NOT NULL, "logo_url" character varying, "settings" jsonb DEFAULT '{}', "created_at" timestamp(6) NOT NULL, "updated_at" timestamp(6) NOT NULL) /*application='LinearClone'*/[0m
  [1m[35m (1.0ms)[0m  [1m[35mCREATE UNIQUE INDEX "index_workspaces_on_slug" ON "workspaces" ("slug") /*application='LinearClone'*/[0m
  [1m[36mActiveRecord::SchemaMigration Create (0.2ms)[0m  [1m[32mINSERT INTO "schema_migrations" ("version") VALUES ('20260122134227') RETURNING "version" /*application='LinearClone'*/[0m
  [1m[36mTRANSACTION (0.4ms)[0m  [1m[35mCOMMIT /*application='LinearClone'*/[0m
Migrating to CreateWorkspaceMemberships (20260122134238)
  [1m[36mTRANSACTION (0.2ms)[0m  [1m[35mBEGIN /*application='LinearClone'*/[0m
  [1m[35m (3.8ms)[0m  [1m[35mCREATE TABLE "workspace_memberships" ("id" uuid DEFAULT gen_random_uuid() NOT NULL PRIMARY KEY, "user_id" uuid NOT NULL, "workspace_id" uuid NOT NULL, "role" character varying DEFAULT 'member' NOT NULL, "created_at" timestamp(6) NOT NULL, "updated_at" timestamp(6) NOT NULL, CONSTRAINT "fk_rails_aca847b4f5"
FOREIGN KEY ("user_id")
  REFERENCES "users" ("id")
, CONSTRAINT "fk_rails_26c4c0bd41"
FOREIGN KEY ("workspace_id")
  REFERENCES "workspaces" ("id")
) /*application='LinearClone'*/[0m
  [1m[35m (0.6ms)[0m  [1m[35mCREATE INDEX "index_workspace_memberships_on_user_id" ON "workspace_memberships" ("user_id") /*application='LinearClone'*/[0m
  [1m[35m (0.4ms)[0m  [1m[35mCREATE INDEX "index_workspace_memberships_on_workspace_id" ON "workspace_memberships" ("workspace_id") /*application='LinearClone'*/[0m
  [1m[35m (0.4ms)[0m  [1m[35mCREATE UNIQUE INDEX "index_workspace_memberships_on_user_id_and_workspace_id" ON "workspace_memberships" ("user_id", "workspace_id") /*application='LinearClone'*/[0m
  [1m[35m (0.4ms)[0m  [1m[35mCREATE INDEX "index_workspace_memberships_on_role" ON "workspace_memberships" ("role") /*application='LinearClone'*/[0m
  [1m[36mActiveRecord::SchemaMigration Create (0.4ms)[0m  [1m[32mINSERT INTO "schema_migrations" ("version") VALUES ('20260122134238') RETURNING "version" /*application='LinearClone'*/[0m
  [1m[36mTRANSACTION (0.4ms)[0m  [1m[35mCOMMIT /*application='LinearClone'*/[0m
  [1m[35m (0.2ms)[0m  [1m[34mSELECT pg_advisory_unlock(225299084787497700) /*application='LinearClone'*/[0m
  [1m[36mActiveRecord::SchemaMigration Load (0.3ms)[0m  [1m[34mSELECT "schema_migrations"."version" FROM "schema_migrations" ORDER BY "schema_migrations"."version" ASC /*application='LinearClone'*/[0m
  [1m[35m (0.1ms)[0m  [1m[34mSELECT pg_try_advisory_lock(225299084787497700) /*application='LinearClone'*/[0m
  [1m[36mActiveRecord::SchemaMigration Load (1.1ms)[0m  [1m[34mSELECT "schema_migrations"."version" FROM "schema_migrations" ORDER BY "schema_migrations"."version" ASC /*application='LinearClone'*/[0m
  [1m[36mActiveRecord::InternalMetadata Load (0.8ms)[0m  [1m[34mSELECT * FROM "ar_internal_metadata" WHERE "ar_internal_metadata"."key" = 'environment' ORDER BY "ar_internal_metadata"."key" ASC LIMIT 1 /*application='LinearClone'*/[0m
Migrating to CreateTeams (20260122135644)
  [1m[36mTRANSACTION (0.1ms)[0m  [1m[35mBEGIN /*application='LinearClone'*/[0m
  [1m[35m (6.0ms)[0m  [1m[35mCREATE TABLE "teams" ("id" uuid DEFAULT gen_random_uuid() NOT NULL PRIMARY KEY, "workspace_id" uuid NOT NULL, "name" character varying NOT NULL, "key" character varying NOT NULL, "description" text, "icon" character varying, "color" character varying, "issue_counter" integer DEFAULT 0, "settings" jsonb DEFAULT '{}', "created_at" timestamp(6) NOT NULL, "updated_at" timestamp(6) NOT NULL, CONSTRAINT "fk_rails_a68041d834"
FOREIGN KEY ("workspace_id")
  REFERENCES "workspaces" ("id")
) /*application='LinearClone'*/[0m
  [1m[35m (0.8ms)[0m  [1m[35mCREATE INDEX "index_teams_on_workspace_id" ON "teams" ("workspace_id") /*application='LinearClone'*/[0m
  [1m[35m (1.1ms)[0m  [1m[35mCREATE UNIQUE INDEX "index_teams_on_workspace_id_and_key" ON "teams" ("workspace_id", "key") /*application='LinearClone'*/[0m
  [1m[35m (0.9ms)[0m  [1m[35mCREATE INDEX "index_teams_on_key" ON "teams" ("key") /*application='LinearClone'*/[0m
  [1m[35m (2.0ms)[0m  [1m[35mCREATE TABLE "team_memberships" ("id" uuid DEFAULT gen_random_uuid() NOT NULL PRIMARY KEY, "user_id" uuid NOT NULL, "team_id" uuid NOT NULL, "role" character varying DEFAULT 'member', "created_at" timestamp(6) NOT NULL, "updated_at" timestamp(6) NOT NULL, CONSTRAINT "fk_rails_5aba9331a7"
FOREIGN KEY ("user_id")
  REFERENCES "users" ("id")
, CONSTRAINT "fk_rails_61c29b529e"
FOREIGN KEY ("team_id")
  REFERENCES "teams" ("id")
) /*application='LinearClone'*/[0m
  [1m[35m (0.5ms)[0m  [1m[35mCREATE INDEX "index_team_memberships_on_user_id" ON "team_memberships" ("user_id") /*application='LinearClone'*/[0m
  [1m[35m (0.8ms)[0m  [1m[35mCREATE INDEX "index_team_memberships_on_team_id" ON "team_memberships" ("team_id") /*application='LinearClone'*/[0m
  [1m[35m (0.8ms)[0m  [1m[35mCREATE UNIQUE INDEX "index_team_memberships_on_user_id_and_team_id" ON "team_memberships" ("user_id", "team_id") /*application='LinearClone'*/[0m
  [1m[36mActiveRecord::SchemaMigration Create (0.2ms)[0m  [1m[32mINSERT INTO "schema_migrations" ("version") VALUES ('20260122135644') RETURNING "version" /*application='LinearClone'*/[0m
  [1m[36mTRANSACTION (0.4ms)[0m  [1m[35mCOMMIT /*application='LinearClone'*/[0m
  [1m[35m (0.5ms)[0m  [1m[34mSELECT pg_advisory_unlock(225299084787497700) /*application='LinearClone'*/[0m
  [1m[36mActiveRecord::SchemaMigration Load (0.1ms)[0m  [1m[34mSELECT "schema_migrations"."version" FROM "schema_migrations" ORDER BY "schema_migrations"."version" ASC /*application='LinearClone'*/[0m
  [1m[35m (0.1ms)[0m  [1m[34mSELECT pg_try_advisory_lock(225299084787497700) /*application='LinearClone'*/[0m
  [1m[36mActiveRecord::SchemaMigration Load (1.3ms)[0m  [1m[34mSELECT "schema_migrations"."version" FROM "schema_migrations" ORDER BY "schema_migrations"."version" ASC /*application='LinearClone'*/[0m
  [1m[36mActiveRecord::InternalMetadata Load (1.1ms)[0m  [1m[34mSELECT * FROM "ar_internal_metadata" WHERE "ar_internal_metadata"."key" = 'environment' ORDER BY "ar_internal_metadata"."key" ASC LIMIT 1 /*application='LinearClone'*/[0m
Migrating to CreateProjects (20260122135854)
  [1m[36mTRANSACTION (0.1ms)[0m  [1m[35mBEGIN /*application='LinearClone'*/[0m
  [1m[35m (7.4ms)[0m  [1m[35mCREATE TABLE "projects" ("id" uuid DEFAULT gen_random_uuid() NOT NULL PRIMARY KEY, "workspace_id" uuid NOT NULL, "name" character varying NOT NULL, "slug" character varying NOT NULL, "description" text, "icon" character varying, "color" character varying, "lead_id" uuid, "privacy" character varying DEFAULT 'public', "status" character varying DEFAULT 'active', "start_date" date, "target_date" date, "settings" jsonb DEFAULT '{}', "created_at" timestamp(6) NOT NULL, "updated_at" timestamp(6) NOT NULL, CONSTRAINT "fk_rails_2b526e3a7f"
FOREIGN KEY ("workspace_id")
  REFERENCES "workspaces" ("id")
, CONSTRAINT "fk_rails_c55b84bed5"
FOREIGN KEY ("lead_id")
  REFERENCES "users" ("id")
) /*application='LinearClone'*/[0m
  [1m[35m (0.7ms)[0m  [1m[35mCREATE INDEX "index_projects_on_workspace_id" ON "projects" ("workspace_id") /*application='LinearClone'*/[0m
  [1m[35m (0.5ms)[0m  [1m[35mCREATE INDEX "index_projects_on_lead_id" ON "projects" ("lead_id") /*application='LinearClone'*/[0m
  [1m[35m (0.8ms)[0m  [1m[35mCREATE UNIQUE INDEX "index_projects_on_workspace_id_and_slug" ON "projects" ("workspace_id", "slug") /*application='LinearClone'*/[0m
  [1m[35m (0.5ms)[0m  [1m[35mCREATE INDEX "index_projects_on_status" ON "projects" ("status") /*application='LinearClone'*/[0m
  [1m[35m (2.6ms)[0m  [1m[35mCREATE TABLE "project_memberships" ("id" uuid DEFAULT gen_random_uuid() NOT NULL PRIMARY KEY, "user_id" uuid NOT NULL, "project_id" uuid NOT NULL, "role" character varying DEFAULT 'member', "created_at" timestamp(6) NOT NULL, "updated_at" timestamp(6) NOT NULL, CONSTRAINT "fk_rails_86b046ec96"
FOREIGN KEY ("user_id")
  REFERENCES "users" ("id")
, CONSTRAINT "fk_rails_18b611e244"
FOREIGN KEY ("project_id")
  REFERENCES "projects" ("id")
) /*application='LinearClone'*/[0m
  [1m[35m (0.7ms)[0m  [1m[35mCREATE INDEX "index_project_memberships_on_user_id" ON "project_memberships" ("user_id") /*application='LinearClone'*/[0m
  [1m[35m (0.8ms)[0m  [1m[35mCREATE INDEX "index_project_memberships_on_project_id" ON "project_memberships" ("project_id") /*application='LinearClone'*/[0m
  [1m[35m (1.0ms)[0m  [1m[35mCREATE UNIQUE INDEX "index_project_memberships_on_user_id_and_project_id" ON "project_memberships" ("user_id", "project_id") /*application='LinearClone'*/[0m
  [1m[36mActiveRecord::SchemaMigration Create (0.2ms)[0m  [1m[32mINSERT INTO "schema_migrations" ("version") VALUES ('20260122135854') RETURNING "version" /*application='LinearClone'*/[0m
  [1m[36mTRANSACTION (0.3ms)[0m  [1m[35mCOMMIT /*application='LinearClone'*/[0m
  [1m[35m (0.2ms)[0m  [1m[34mSELECT pg_advisory_unlock(225299084787497700) /*application='LinearClone'*/[0m
  [1m[36mActiveRecord::SchemaMigration Load (0.2ms)[0m  [1m[34mSELECT "schema_migrations"."version" FROM "schema_migrations" ORDER BY "schema_migrations"."version" ASC /*application='LinearClone'*/[0m
  [1m[36mActiveRecord::SchemaMigration Load (1.1ms)[0m  [1m[34mSELECT "schema_migrations"."version" FROM "schema_migrations" ORDER BY "schema_migrations"."version" ASC /*application='LinearClone'*/[0m
  [1m[36mProjectMembership Load (2.0ms)[0m  [1m[34mSELECT "project_memberships".* FROM "project_memberships" /*application='LinearClone'*/[0m
  [1m[36mProject Load (2.1ms)[0m  [1m[34mSELECT "projects".* FROM "projects" /*application='LinearClone'*/[0m
  [1m[36mTeamMembership Load (2.0ms)[0m  [1m[34mSELECT "team_memberships".* FROM "team_memberships" /*application='LinearClone'*/[0m
  [1m[36mTeam Load (1.5ms)[0m  [1m[34mSELECT "teams".* FROM "teams" /*application='LinearClone'*/[0m
  [1m[36mWorkspaceMembership Load (3.0ms)[0m  [1m[34mSELECT "workspace_memberships".* FROM "workspace_memberships" /*application='LinearClone'*/[0m
  [1m[36mWorkspace Load (1.0ms)[0m  [1m[34mSELECT "workspaces".* FROM "workspaces" /*application='LinearClone'*/[0m
  [1m[36mUser Load (2.3ms)[0m  [1m[34mSELECT "users".* FROM "users" /*application='LinearClone'*/[0m
  [1m[36mTRANSACTION (0.1ms)[0m  [1m[35mBEGIN /*application='LinearClone'*/[0m
  [1m[36mUser Exists? (1.1ms)[0m  [1m[34mSELECT 1 AS one FROM "users" WHERE LOWER("users"."email") = LOWER('demo@example.com') LIMIT 1 /*application='LinearClone'*/[0m
  [1m[36mUser Create (0.8ms)[0m  [1m[32mINSERT INTO "users" ("email", "password_digest", "name", "avatar_url", "timezone", "created_at", "updated_at") VALUES ('demo@example.com', '$2a$12$btNnvcyqTWfy85EFAS4z0OjKkIhauUXFNZhraMNztqR9OEDkMLbdW', 'Demo User', NULL, 'UTC', '2026-01-22 14:01:40.477991', '2026-01-22 14:01:40.477991') RETURNING "id" /*application='LinearClone'*/[0m
  [1m[36mTRANSACTION (0.2ms)[0m  [1m[35mCOMMIT /*application='LinearClone'*/[0m
  [1m[36mTRANSACTION (0.2ms)[0m  [1m[35mBEGIN /*application='LinearClone'*/[0m
  [1m[36mUser Exists? (0.7ms)[0m  [1m[34mSELECT 1 AS one FROM "users" WHERE LOWER("users"."email") = LOWER('alice@example.com') LIMIT 1 /*application='LinearClone'*/[0m
  [1m[36mUser Create (0.2ms)[0m  [1m[32mINSERT INTO "users" ("email", "password_digest", "name", "avatar_url", "timezone", "created_at", "updated_at") VALUES ('alice@example.com', '$2a$12$ub5776wFjC2ftzJKvwbH.uPfY62ZyT3tpW/AS3Tg41kuG.OiCKsE.', 'Alice Smith', NULL, 'UTC', '2026-01-22 14:01:40.649618', '2026-01-22 14:01:40.649618') RETURNING "id" /*application='LinearClone'*/[0m
  [1m[36mTRANSACTION (0.2ms)[0m  [1m[35mCOMMIT /*application='LinearClone'*/[0m
  [1m[36mTRANSACTION (0.2ms)[0m  [1m[35mBEGIN /*application='LinearClone'*/[0m
  [1m[36mUser Exists? (0.8ms)[0m  [1m[34mSELECT 1 AS one FROM "users" WHERE LOWER("users"."email") = LOWER('bob@example.com') LIMIT 1 /*application='LinearClone'*/[0m
  [1m[36mUser Create (0.2ms)[0m  [1m[32mINSERT INTO "users" ("email", "password_digest", "name", "avatar_url", "timezone", "created_at", "updated_at") VALUES ('bob@example.com', '$2a$12$nknUuBEEJqPLAqy/5HOzW.BPiYVcKIqPbV9Q0978MHrwaKSdG41DS', 'Bob Johnson', NULL, 'UTC', '2026-01-22 14:01:40.820486', '2026-01-22 14:01:40.820486') RETURNING "id" /*application='LinearClone'*/[0m
  [1m[36mTRANSACTION (0.5ms)[0m  [1m[35mCOMMIT /*application='LinearClone'*/[0m
  [1m[36mTRANSACTION (0.2ms)[0m  [1m[35mBEGIN /*application='LinearClone'*/[0m
  [1m[36mUser Exists? (0.7ms)[0m  [1m[34mSELECT 1 AS one FROM "users" WHERE LOWER("users"."email") = LOWER('carol@example.com') LIMIT 1 /*application='LinearClone'*/[0m
  [1m[36mUser Create (0.4ms)[0m  [1m[32mINSERT INTO "users" ("email", "password_digest", "name", "avatar_url", "timezone", "created_at", "updated_at") VALUES ('carol@example.com', '$2a$12$sTWc7LKss52PvS1Ghgqq7usdBu6PE1aRVPpygQTMnx6m5mxUBg6ja', 'Carol Williams', NULL, 'UTC', '2026-01-22 14:01:40.991006', '2026-01-22 14:01:40.991006') RETURNING "id" /*application='LinearClone'*/[0m
  [1m[36mTRANSACTION (0.4ms)[0m  [1m[35mCOMMIT /*application='LinearClone'*/[0m
  [1m[36mTRANSACTION (0.1ms)[0m  [1m[35mBEGIN /*application='LinearClone'*/[0m
  [1m[36mWorkspace Exists? (0.6ms)[0m  [1m[34mSELECT 1 AS one FROM "workspaces" WHERE "workspaces"."slug" = 'acme' LIMIT 1 /*application='LinearClone'*/[0m
  [1m[36mWorkspace Create (0.7ms)[0m  [1m[32mINSERT INTO "workspaces" ("name", "slug", "logo_url", "settings", "created_at", "updated_at") VALUES ('Acme Inc', 'acme', NULL, '{}', '2026-01-22 14:01:40.996788', '2026-01-22 14:01:40.996788') RETURNING "id" /*application='LinearClone'*/[0m
  [1m[36mTRANSACTION (0.2ms)[0m  [1m[35mCOMMIT /*application='LinearClone'*/[0m
  [1m[36mTRANSACTION (0.1ms)[0m  [1m[35mBEGIN /*application='LinearClone'*/[0m
  [1m[36mWorkspaceMembership Exists? (1.3ms)[0m  [1m[34mSELECT 1 AS one FROM "workspace_memberships" WHERE "workspace_memberships"."user_id" = 'ff0f5328-a27f-48a1-aec2-ba8e88725e01' AND "workspace_memberships"."workspace_id" = '11a614d4-106d-4b9e-806c-953d3edac31e' LIMIT 1 /*application='LinearClone'*/[0m
  [1m[36mWorkspaceMembership Create (1.3ms)[0m  [1m[32mINSERT INTO "workspace_memberships" ("user_id", "workspace_id", "role", "created_at", "updated_at") VALUES ('ff0f5328-a27f-48a1-aec2-ba8e88725e01', '11a614d4-106d-4b9e-806c-953d3edac31e', 'owner', '2026-01-22 14:01:41.004421', '2026-01-22 14:01:41.004421') RETURNING "id" /*application='LinearClone'*/[0m
  [1m[36mTRANSACTION (0.2ms)[0m  [1m[35mCOMMIT /*application='LinearClone'*/[0m
  [1m[36mTRANSACTION (0.1ms)[0m  [1m[35mBEGIN /*application='LinearClone'*/[0m
  [1m[36mWorkspaceMembership Exists? (0.6ms)[0m  [1m[34mSELECT 1 AS one FROM "workspace_memberships" WHERE "workspace_memberships"."user_id" = 'c433b2a6-7133-42b1-8587-74303cccfd10' AND "workspace_memberships"."workspace_id" = '11a614d4-106d-4b9e-806c-953d3edac31e' LIMIT 1 /*application='LinearClone'*/[0m
  [1m[36mWorkspaceMembership Create (0.4ms)[0m  [1m[32mINSERT INTO "workspace_memberships" ("user_id", "workspace_id", "role", "created_at", "updated_at") VALUES ('c433b2a6-7133-42b1-8587-74303cccfd10', '11a614d4-106d-4b9e-806c-953d3edac31e', 'member', '2026-01-22 14:01:41.007449', '2026-01-22 14:01:41.007449') RETURNING "id" /*application='LinearClone'*/[0m
  [1m[36mTRANSACTION (0.2ms)[0m  [1m[35mCOMMIT /*application='LinearClone'*/[0m
  [1m[36mTRANSACTION (0.1ms)[0m  [1m[35mBEGIN /*application='LinearClone'*/[0m
  [1m[36mWorkspaceMembership Exists? (0.6ms)[0m  [1m[34mSELECT 1 AS one FROM "workspace_memberships" WHERE "workspace_memberships"."user_id" = '594f5079-166b-47d6-bc89-207c9e3a38dd' AND "workspace_memberships"."workspace_id" = '11a614d4-106d-4b9e-806c-953d3edac31e' LIMIT 1 /*application='LinearClone'*/[0m
  [1m[36mWorkspaceMembership Create (0.2ms)[0m  [1m[32mINSERT INTO "workspace_memberships" ("user_id", "workspace_id", "role", "created_at", "updated_at") VALUES ('594f5079-166b-47d6-bc89-207c9e3a38dd', '11a614d4-106d-4b9e-806c-953d3edac31e', 'member', '2026-01-22 14:01:41.009508', '2026-01-22 14:01:41.009508') RETURNING "id" /*application='LinearClone'*/[0m
  [1m[36mTRANSACTION (0.1ms)[0m  [1m[35mCOMMIT /*application='LinearClone'*/[0m
  [1m[36mTRANSACTION (0.1ms)[0m  [1m[35mBEGIN /*application='LinearClone'*/[0m
  [1m[36mWorkspaceMembership Exists? (0.4ms)[0m  [1m[34mSELECT 1 AS one FROM "workspace_memberships" WHERE "workspace_memberships"."user_id" = '1ab5eed4-32b8-4bf9-bd99-a1b61b801301' AND "workspace_memberships"."workspace_id" = '11a614d4-106d-4b9e-806c-953d3edac31e' LIMIT 1 /*application='LinearClone'*/[0m
  [1m[36mWorkspaceMembership Create (0.2ms)[0m  [1m[32mINSERT INTO "workspace_memberships" ("user_id", "workspace_id", "role", "created_at", "updated_at") VALUES ('1ab5eed4-32b8-4bf9-bd99-a1b61b801301', '11a614d4-106d-4b9e-806c-953d3edac31e', 'member', '2026-01-22 14:01:41.011083', '2026-01-22 14:01:41.011083') RETURNING "id" /*application='LinearClone'*/[0m
  [1m[36mTRANSACTION (0.3ms)[0m  [1m[35mCOMMIT /*application='LinearClone'*/[0m
  [1m[36mTRANSACTION (0.1ms)[0m  [1m[35mBEGIN /*application='LinearClone'*/[0m
  [1m[36mTeam Exists? (0.6ms)[0m  [1m[34mSELECT 1 AS one FROM "teams" WHERE "teams"."key" = 'ENG' AND "teams"."workspace_id" = '11a614d4-106d-4b9e-806c-953d3edac31e' LIMIT 1 /*application='LinearClone'*/[0m
  [1m[36mTeam Create (0.9ms)[0m  [1m[32mINSERT INTO "teams" ("workspace_id", "name", "key", "description", "icon", "color", "issue_counter", "settings", "created_at", "updated_at") VALUES ('11a614d4-106d-4b9e-806c-953d3edac31e', 'Engineering', 'ENG', 'Product engineering team', NULL, '#5e6ad2', 0, '{}', '2026-01-22 14:01:41.019592', '2026-01-22 14:01:41.019592') RETURNING "id" /*application='LinearClone'*/[0m
  [1m[36mTRANSACTION (0.2ms)[0m  [1m[35mCOMMIT /*application='LinearClone'*/[0m
  [1m[36mTRANSACTION (0.1ms)[0m  [1m[35mBEGIN /*application='LinearClone'*/[0m
  [1m[36mTeam Exists? (0.6ms)[0m  [1m[34mSELECT 1 AS one FROM "teams" WHERE "teams"."key" = 'DES' AND "teams"."workspace_id" = '11a614d4-106d-4b9e-806c-953d3edac31e' LIMIT 1 /*application='LinearClone'*/[0m
  [1m[36mTeam Create (0.3ms)[0m  [1m[32mINSERT INTO "teams" ("workspace_id", "name", "key", "description", "icon", "color", "issue_counter", "settings", "created_at", "updated_at") VALUES ('11a614d4-106d-4b9e-806c-953d3edac31e', 'Design', 'DES', 'Product design team', NULL, '#f2994a', 0, '{}', '2026-01-22 14:01:41.022327', '2026-01-22 14:01:41.022327') RETURNING "id" /*application='LinearClone'*/[0m
  [1m[36mTRANSACTION (0.2ms)[0m  [1m[35mCOMMIT /*application='LinearClone'*/[0m
  [1m[36mTRANSACTION (0.1ms)[0m  [1m[35mBEGIN /*application='LinearClone'*/[0m
  [1m[36mTeamMembership Exists? (0.6ms)[0m  [1m[34mSELECT 1 AS one FROM "team_memberships" WHERE "team_memberships"."user_id" = 'ff0f5328-a27f-48a1-aec2-ba8e88725e01' AND "team_memberships"."team_id" = '901d5d92-a0f2-43cc-a4aa-1e4f96506d1a' LIMIT 1 /*application='LinearClone'*/[0m
  [1m[36mTeamMembership Create (1.5ms)[0m  [1m[32mINSERT INTO "team_memberships" ("user_id", "team_id", "role", "created_at", "updated_at") VALUES ('ff0f5328-a27f-48a1-aec2-ba8e88725e01', '901d5d92-a0f2-43cc-a4aa-1e4f96506d1a', 'lead', '2026-01-22 14:01:41.027912', '2026-01-22 14:01:41.027912') RETURNING "id" /*application='LinearClone'*/[0m
  [1m[36mTRANSACTION (0.2ms)[0m  [1m[35mCOMMIT /*application='LinearClone'*/[0m
  [1m[36mTRANSACTION (0.1ms)[0m  [1m[35mBEGIN /*application='LinearClone'*/[0m
  [1m[36mTeamMembership Exists? (0.6ms)[0m  [1m[34mSELECT 1 AS one FROM "team_memberships" WHERE "team_memberships"."user_id" = 'c433b2a6-7133-42b1-8587-74303cccfd10' AND "team_memberships"."team_id" = '901d5d92-a0f2-43cc-a4aa-1e4f96506d1a' LIMIT 1 /*application='LinearClone'*/[0m
  [1m[36mTeamMembership Create (0.3ms)[0m  [1m[32mINSERT INTO "team_memberships" ("user_id", "team_id", "role", "created_at", "updated_at") VALUES ('c433b2a6-7133-42b1-8587-74303cccfd10', '901d5d92-a0f2-43cc-a4aa-1e4f96506d1a', 'member', '2026-01-22 14:01:41.031070', '2026-01-22 14:01:41.031070') RETURNING "id" /*application='LinearClone'*/[0m
  [1m[36mTRANSACTION (0.7ms)[0m  [1m[35mCOMMIT /*application='LinearClone'*/[0m
  [1m[36mTRANSACTION (0.1ms)[0m  [1m[35mBEGIN /*application='LinearClone'*/[0m
  [1m[36mTeamMembership Exists? (0.7ms)[0m  [1m[34mSELECT 1 AS one FROM "team_memberships" WHERE "team_memberships"."user_id" = '594f5079-166b-47d6-bc89-207c9e3a38dd' AND "team_memberships"."team_id" = '901d5d92-a0f2-43cc-a4aa-1e4f96506d1a' LIMIT 1 /*application='LinearClone'*/[0m
  [1m[36mTeamMembership Create (0.2ms)[0m  [1m[32mINSERT INTO "team_memberships" ("user_id", "team_id", "role", "created_at", "updated_at") VALUES ('594f5079-166b-47d6-bc89-207c9e3a38dd', '901d5d92-a0f2-43cc-a4aa-1e4f96506d1a', 'member', '2026-01-22 14:01:41.033591', '2026-01-22 14:01:41.033591') RETURNING "id" /*application='LinearClone'*/[0m
  [1m[36mTRANSACTION (0.1ms)[0m  [1m[35mCOMMIT /*application='LinearClone'*/[0m
  [1m[36mTRANSACTION (0.1ms)[0m  [1m[35mBEGIN /*application='LinearClone'*/[0m
  [1m[36mTeamMembership Exists? (0.6ms)[0m  [1m[34mSELECT 1 AS one FROM "team_memberships" WHERE "team_memberships"."user_id" = 'c433b2a6-7133-42b1-8587-74303cccfd10' AND "team_memberships"."team_id" = '9f31461f-5b5b-4c34-bacb-4729964f109d' LIMIT 1 /*application='LinearClone'*/[0m
  [1m[36mTeamMembership Create (0.2ms)[0m  [1m[32mINSERT INTO "team_memberships" ("user_id", "team_id", "role", "created_at", "updated_at") VALUES ('c433b2a6-7133-42b1-8587-74303cccfd10', '9f31461f-5b5b-4c34-bacb-4729964f109d', 'lead', '2026-01-22 14:01:41.035273', '2026-01-22 14:01:41.035273') RETURNING "id" /*application='LinearClone'*/[0m
  [1m[36mTRANSACTION (0.2ms)[0m  [1m[35mCOMMIT /*application='LinearClone'*/[0m
  [1m[36mTRANSACTION (0.1ms)[0m  [1m[35mBEGIN /*application='LinearClone'*/[0m
  [1m[36mTeamMembership Exists? (0.5ms)[0m  [1m[34mSELECT 1 AS one FROM "team_memberships" WHERE "team_memberships"."user_id" = '1ab5eed4-32b8-4bf9-bd99-a1b61b801301' AND "team_memberships"."team_id" = '9f31461f-5b5b-4c34-bacb-4729964f109d' LIMIT 1 /*application='LinearClone'*/[0m
  [1m[36mTeamMembership Create (0.2ms)[0m  [1m[32mINSERT INTO "team_memberships" ("user_id", "team_id", "role", "created_at", "updated_at") VALUES ('1ab5eed4-32b8-4bf9-bd99-a1b61b801301', '9f31461f-5b5b-4c34-bacb-4729964f109d', 'member', '2026-01-22 14:01:41.036929', '2026-01-22 14:01:41.036929') RETURNING "id" /*application='LinearClone'*/[0m
  [1m[36mTRANSACTION (0.1ms)[0m  [1m[35mCOMMIT /*application='LinearClone'*/[0m
  [1m[36mTRANSACTION (0.1ms)[0m  [1m[35mBEGIN /*application='LinearClone'*/[0m
  ↳ app/models/project.rb:47:in `generate_slug'
  [1m[36mProject Exists? (0.5ms)[0m  [1m[34mSELECT 1 AS one FROM "projects" WHERE "projects"."workspace_id" = '11a614d4-106d-4b9e-806c-953d3edac31e' AND "projects"."slug" = 'mobile-app' LIMIT 1 /*application='LinearClone'*/[0m
  ↳ app/models/project.rb:47:in `generate_slug'
  [1m[36mProject Exists? (0.3ms)[0m  [1m[34mSELECT 1 AS one FROM "projects" WHERE "projects"."slug" = 'mobile-app' AND "projects"."workspace_id" = '11a614d4-106d-4b9e-806c-953d3edac31e' LIMIT 1 /*application='LinearClone'*/[0m
  [1m[36mProject Create (0.8ms)[0m  [1m[32mINSERT INTO "projects" ("workspace_id", "name", "slug", "description", "icon", "color", "lead_id", "privacy", "status", "start_date", "target_date", "settings", "created_at", "updated_at") VALUES ('11a614d4-106d-4b9e-806c-953d3edac31e', 'Mobile App', 'mobile-app', 'New mobile application', NULL, '#0ea5e9', 'ff0f5328-a27f-48a1-aec2-ba8e88725e01', 'public', 'active', NULL, NULL, '{}', '2026-01-22 14:01:41.043214', '2026-01-22 14:01:41.043214') RETURNING "id" /*application='LinearClone'*/[0m
  [1m[36mTRANSACTION (0.2ms)[0m  [1m[35mCOMMIT /*application='LinearClone'*/[0m
  [1m[36mTRANSACTION (0.1ms)[0m  [1m[35mBEGIN /*application='LinearClone'*/[0m
  ↳ app/models/project.rb:47:in `generate_slug'
  [1m[36mProject Exists? (0.4ms)[0m  [1m[34mSELECT 1 AS one FROM "projects" WHERE "projects"."workspace_id" = '11a614d4-106d-4b9e-806c-953d3edac31e' AND "projects"."slug" = 'website-redesign' LIMIT 1 /*application='LinearClone'*/[0m
  ↳ app/models/project.rb:47:in `generate_slug'
  [1m[36mProject Exists? (0.2ms)[0m  [1m[34mSELECT 1 AS one FROM "projects" WHERE "projects"."slug" = 'website-redesign' AND "projects"."workspace_id" = '11a614d4-106d-4b9e-806c-953d3edac31e' LIMIT 1 /*application='LinearClone'*/[0m
  [1m[36mProject Create (0.4ms)[0m  [1m[32mINSERT INTO "projects" ("workspace_id", "name", "slug", "description", "icon", "color", "lead_id", "privacy", "status", "start_date", "target_date", "settings", "created_at", "updated_at") VALUES ('11a614d4-106d-4b9e-806c-953d3edac31e', 'Website Redesign', 'website-redesign', 'Complete website overhaul', NULL, '#8b5cf6', 'c433b2a6-7133-42b1-8587-74303cccfd10', 'public', 'active', NULL, NULL, '{}', '2026-01-22 14:01:41.045844', '2026-01-22 14:01:41.045844') RETURNING "id" /*application='LinearClone'*/[0m
  [1m[36mTRANSACTION (0.2ms)[0m  [1m[35mCOMMIT /*application='LinearClone'*/[0m
  [1m[36mTRANSACTION (0.1ms)[0m  [1m[35mBEGIN /*application='LinearClone'*/[0m
  [1m[36mProjectMembership Exists? (0.6ms)[0m  [1m[34mSELECT 1 AS one FROM "project_memberships" WHERE "project_memberships"."user_id" = 'ff0f5328-a27f-48a1-aec2-ba8e88725e01' AND "project_memberships"."project_id" = 'b2c97558-a24e-4708-b3aa-bd109c1cd692' LIMIT 1 /*application='LinearClone'*/[0m
  [1m[36mProjectMembership Create (0.6ms)[0m  [1m[32mINSERT INTO "project_memberships" ("user_id", "project_id", "role", "created_at", "updated_at") VALUES ('ff0f5328-a27f-48a1-aec2-ba8e88725e01', 'b2c97558-a24e-4708-b3aa-bd109c1cd692', 'lead', '2026-01-22 14:01:41.051237', '2026-01-22 14:01:41.051237') RETURNING "id" /*application='LinearClone'*/[0m
  [1m[36mTRANSACTION (0.2ms)[0m  [1m[35mCOMMIT /*application='LinearClone'*/[0m
  [1m[36mTRANSACTION (0.1ms)[0m  [1m[35mBEGIN /*application='LinearClone'*/[0m
  [1m[36mProjectMembership Exists? (0.6ms)[0m  [1m[34mSELECT 1 AS one FROM "project_memberships" WHERE "project_memberships"."user_id" = 'c433b2a6-7133-42b1-8587-74303cccfd10' AND "project_memberships"."project_id" = 'b2c97558-a24e-4708-b3aa-bd109c1cd692' LIMIT 1 /*application='LinearClone'*/[0m
  [1m[36mProjectMembership Create (0.3ms)[0m  [1m[32mINSERT INTO "project_memberships" ("user_id", "project_id", "role", "created_at", "updated_at") VALUES ('c433b2a6-7133-42b1-8587-74303cccfd10', 'b2c97558-a24e-4708-b3aa-bd109c1cd692', 'member', '2026-01-22 14:01:41.053689', '2026-01-22 14:01:41.053689') RETURNING "id" /*application='LinearClone'*/[0m
  [1m[36mTRANSACTION (0.2ms)[0m  [1m[35mCOMMIT /*application='LinearClone'*/[0m
  [1m[36mTRANSACTION (0.1ms)[0m  [1m[35mBEGIN /*application='LinearClone'*/[0m
  [1m[36mProjectMembership Exists? (0.4ms)[0m  [1m[34mSELECT 1 AS one FROM "project_memberships" WHERE "project_memberships"."user_id" = 'c433b2a6-7133-42b1-8587-74303cccfd10' AND "project_memberships"."project_id" = '5b2b2473-36ce-43ff-b6f7-a8bf7f955b49' LIMIT 1 /*application='LinearClone'*/[0m
  [1m[36mProjectMembership Create (0.2ms)[0m  [1m[32mINSERT INTO "project_memberships" ("user_id", "project_id", "role", "created_at", "updated_at") VALUES ('c433b2a6-7133-42b1-8587-74303cccfd10', '5b2b2473-36ce-43ff-b6f7-a8bf7f955b49', 'lead', '2026-01-22 14:01:41.056291', '2026-01-22 14:01:41.056291') RETURNING "id" /*application='LinearClone'*/[0m
  [1m[36mTRANSACTION (0.2ms)[0m  [1m[35mCOMMIT /*application='LinearClone'*/[0m
  [1m[36mTRANSACTION (0.1ms)[0m  [1m[35mBEGIN /*application='LinearClone'*/[0m
  [1m[36mProjectMembership Exists? (0.4ms)[0m  [1m[34mSELECT 1 AS one FROM "project_memberships" WHERE "project_memberships"."user_id" = '1ab5eed4-32b8-4bf9-bd99-a1b61b801301' AND "project_memberships"."project_id" = '5b2b2473-36ce-43ff-b6f7-a8bf7f955b49' LIMIT 1 /*application='LinearClone'*/[0m
  [1m[36mProjectMembership Create (0.3ms)[0m  [1m[32mINSERT INTO "project_memberships" ("user_id", "project_id", "role", "created_at", "updated_at") VALUES ('1ab5eed4-32b8-4bf9-bd99-a1b61b801301', '5b2b2473-36ce-43ff-b6f7-a8bf7f955b49', 'member', '2026-01-22 14:01:41.058094', '2026-01-22 14:01:41.058094') RETURNING "id" /*application='LinearClone'*/[0m
  [1m[36mTRANSACTION (0.2ms)[0m  [1m[35mCOMMIT /*application='LinearClone'*/[0m
  [1m[35m (0.1ms)[0m  [1m[34mSELECT pg_try_advisory_lock(225299084787497700) /*application='LinearClone'*/[0m
  [1m[36mActiveRecord::SchemaMigration Load (0.9ms)[0m  [1m[34mSELECT "schema_migrations"."version" FROM "schema_migrations" ORDER BY "schema_migrations"."version" ASC /*application='LinearClone'*/[0m
  [1m[36mActiveRecord::InternalMetadata Load (0.8ms)[0m  [1m[34mSELECT * FROM "ar_internal_metadata" WHERE "ar_internal_metadata"."key" = 'environment' ORDER BY "ar_internal_metadata"."key" ASC LIMIT 1 /*application='LinearClone'*/[0m
Migrating to AddColorToTeamsAndProjects (20260122140605)
  [1m[36mTRANSACTION (0.1ms)[0m  [1m[35mBEGIN /*application='LinearClone'*/[0m
  [1m[35m (3.2ms)[0m  [1m[35mALTER TABLE "teams" ADD "color" character varying /*application='LinearClone'*/[0m
  [1m[36mTRANSACTION (0.1ms)[0m  [1m[31mROLLBACK /*application='LinearClone'*/[0m
  [1m[35m (0.3ms)[0m  [1m[34mSELECT pg_advisory_unlock(225299084787497700) /*application='LinearClone'*/[0m
  [1m[35m (0.2ms)[0m  [1m[34mSELECT pg_try_advisory_lock(225299084787497700) /*application='LinearClone'*/[0m
  [1m[36mActiveRecord::SchemaMigration Load (1.2ms)[0m  [1m[34mSELECT "schema_migrations"."version" FROM "schema_migrations" ORDER BY "schema_migrations"."version" ASC /*application='LinearClone'*/[0m
  [1m[36mActiveRecord::InternalMetadata Load (1.1ms)[0m  [1m[34mSELECT * FROM "ar_internal_metadata" WHERE "ar_internal_metadata"."key" = 'environment' ORDER BY "ar_internal_metadata"."key" ASC LIMIT 1 /*application='LinearClone'*/[0m
Migrating to CreateIssues (20260122141150)
  [1m[36mTRANSACTION (0.1ms)[0m  [1m[35mBEGIN /*application='LinearClone'*/[0m
  [1m[35m (12.4ms)[0m  [1m[35mCREATE TABLE "issues" ("id" uuid DEFAULT gen_random_uuid() NOT NULL PRIMARY KEY, "team_id" uuid NOT NULL, "workspace_id" uuid NOT NULL, "creator_id" uuid NOT NULL, "assignee_id" uuid, "project_id" uuid, "parent_id" uuid, "identifier" character varying NOT NULL, "number" integer NOT NULL, "title" character varying NOT NULL, "description" text, "description_html" text, "status" character varying DEFAULT 'backlog' NOT NULL, "priority" integer DEFAULT 0 NOT NULL, "due_date" date, "estimate" decimal(10,2), "sort_order" integer DEFAULT 0 NOT NULL, "started_at" timestamp(6), "completed_at" timestamp(6), "canceled_at" timestamp(6), "archived_at" timestamp(6), "search_vector" tsvector, "created_at" timestamp(6) NOT NULL, "updated_at" timestamp(6) NOT NULL, CONSTRAINT "fk_rails_0e2f829a69"
FOREIGN KEY ("team_id")
  REFERENCES "teams" ("id")
, CONSTRAINT "fk_rails_b9944f3ac4"
FOREIGN KEY ("workspace_id")
  REFERENCES "workspaces" ("id")
, CONSTRAINT "fk_rails_3ac2c1e009"
FOREIGN KEY ("creator_id")
  REFERENCES "users" ("id")
, CONSTRAINT "fk_rails_ff669b5916"
FOREIGN KEY ("assignee_id")
  REFERENCES "users" ("id")
, CONSTRAINT "fk_rails_899c8f3231"
FOREIGN KEY ("project_id")
  REFERENCES "projects" ("id")
, CONSTRAINT "fk_rails_7bccfcc396"
FOREIGN KEY ("parent_id")
  REFERENCES "issues" ("id")
) /*application='LinearClone'*/[0m
  [1m[35m (0.7ms)[0m  [1m[35mCREATE INDEX "index_issues_on_team_id" ON "issues" ("team_id") /*application='LinearClone'*/[0m
  [1m[35m (0.7ms)[0m  [1m[35mCREATE INDEX "index_issues_on_workspace_id" ON "issues" ("workspace_id") /*application='LinearClone'*/[0m
  [1m[35m (0.6ms)[0m  [1m[35mCREATE INDEX "index_issues_on_creator_id" ON "issues" ("creator_id") /*application='LinearClone'*/[0m
  [1m[35m (0.7ms)[0m  [1m[35mCREATE INDEX "index_issues_on_assignee_id" ON "issues" ("assignee_id") /*application='LinearClone'*/[0m
  [1m[35m (0.7ms)[0m  [1m[35mCREATE INDEX "index_issues_on_project_id" ON "issues" ("project_id") /*application='LinearClone'*/[0m
  [1m[35m (0.6ms)[0m  [1m[35mCREATE INDEX "index_issues_on_parent_id" ON "issues" ("parent_id") /*application='LinearClone'*/[0m
  [1m[35m (1.4ms)[0m  [1m[35mCREATE UNIQUE INDEX "index_issues_on_identifier" ON "issues" ("identifier") /*application='LinearClone'*/[0m
  [1m[35m (1.1ms)[0m  [1m[35mCREATE UNIQUE INDEX "index_issues_on_team_id_and_number" ON "issues" ("team_id", "number") /*application='LinearClone'*/[0m
  [1m[35m (1.0ms)[0m  [1m[35mCREATE INDEX "index_issues_on_workspace_id_and_status" ON "issues" ("workspace_id", "status") /*application='LinearClone'*/[0m
  [1m[35m (1.2ms)[0m  [1m[35mCREATE INDEX "index_issues_on_team_id_and_status" ON "issues" ("team_id", "status") /*application='LinearClone'*/[0m
  [1m[35m (1.2ms)[0m  [1m[35mCREATE INDEX "index_issues_on_assignee_id_and_status" ON "issues" ("assignee_id", "status") /*application='LinearClone'*/[0m
  [1m[35m (0.8ms)[0m  [1m[35mCREATE INDEX "index_issues_on_project_id_and_status" ON "issues" ("project_id", "status") /*application='LinearClone'*/[0m
  [1m[35m (0.7ms)[0m  [1m[35mCREATE INDEX "index_issues_on_status" ON "issues" ("status") /*application='LinearClone'*/[0m
  [1m[35m (0.9ms)[0m  [1m[35mCREATE INDEX "index_issues_on_priority" ON "issues" ("priority") /*application='LinearClone'*/[0m
  [1m[35m (1.2ms)[0m  [1m[35mCREATE INDEX "index_issues_on_due_date" ON "issues" ("due_date") /*application='LinearClone'*/[0m
  [1m[35m (1.0ms)[0m  [1m[35mCREATE INDEX "index_issues_on_sort_order" ON "issues" ("sort_order") /*application='LinearClone'*/[0m
  [1m[35m (0.9ms)[0m  [1m[35mCREATE INDEX "index_issues_on_created_at" ON "issues" ("created_at") /*application='LinearClone'*/[0m
  [1m[35m (3.9ms)[0m  [1m[35mCREATE INDEX "index_issues_on_parent_id" ON "issues" ("parent_id") /*application='LinearClone'*/[0m
  [1m[36mTRANSACTION (0.1ms)[0m  [1m[31mROLLBACK /*application='LinearClone'*/[0m
  [1m[35m (0.2ms)[0m  [1m[34mSELECT pg_advisory_unlock(225299084787497700) /*application='LinearClone'*/[0m
  [1m[36mActiveRecord::SchemaMigration Load (1.1ms)[0m  [1m[34mSELECT "schema_migrations"."version" FROM "schema_migrations" ORDER BY "schema_migrations"."version" ASC /*application='LinearClone'*/[0m
  [1m[36mActiveRecord::SchemaMigration Load (0.2ms)[0m  [1m[34mSELECT "schema_migrations"."version" FROM "schema_migrations" ORDER BY "schema_migrations"."version" ASC /*application='LinearClone'*/[0m
  [1m[36mActiveRecord::SchemaMigration Load (0.1ms)[0m  [1m[34mSELECT "schema_migrations"."version" FROM "schema_migrations" ORDER BY "schema_migrations"."version" ASC /*application='LinearClone'*/[0m
  [1m[35m (0.1ms)[0m  [1m[34mSELECT pg_try_advisory_lock(225299084787497700) /*application='LinearClone'*/[0m
  [1m[36mActiveRecord::SchemaMigration Load (0.1ms)[0m  [1m[34mSELECT "schema_migrations"."version" FROM "schema_migrations" ORDER BY "schema_migrations"."version" ASC /*application='LinearClone'*/[0m
Reverting CreateProjects (20260122135854)
  [1m[36mTRANSACTION (0.2ms)[0m  [1m[35mBEGIN /*application='LinearClone'*/[0m
  [1m[35m (1.9ms)[0m  [1m[35mDROP INDEX  "index_project_memberships_on_user_id_and_project_id" /*application='LinearClone'*/[0m
  [1m[35m (2.2ms)[0m  [1m[35mDROP TABLE "project_memberships" /*application='LinearClone'*/[0m
  [1m[35m (0.2ms)[0m  [1m[35mDROP INDEX  "index_projects_on_status" /*application='LinearClone'*/[0m
  [1m[35m (0.2ms)[0m  [1m[35mDROP INDEX  "index_projects_on_workspace_id_and_slug" /*application='LinearClone'*/[0m
  [1m[35m (1.6ms)[0m  [1m[35mDROP TABLE "projects" /*application='LinearClone'*/[0m
  [1m[36mActiveRecord::SchemaMigration Destroy (0.5ms)[0m  [1m[31mDELETE FROM "schema_migrations" WHERE "schema_migrations"."version" = '20260122135854' /*application='LinearClone'*/[0m
  [1m[36mTRANSACTION (4.2ms)[0m  [1m[35mCOMMIT /*application='LinearClone'*/[0m
  [1m[35m (0.2ms)[0m  [1m[34mSELECT pg_advisory_unlock(225299084787497700) /*application='LinearClone'*/[0m
  [1m[36mActiveRecord::SchemaMigration Load (0.1ms)[0m  [1m[34mSELECT "schema_migrations"."version" FROM "schema_migrations" ORDER BY "schema_migrations"."version" ASC /*application='LinearClone'*/[0m
  [1m[36mActiveRecord::SchemaMigration Load (0.9ms)[0m  [1m[34mSELECT "schema_migrations"."version" FROM "schema_migrations" ORDER BY "schema_migrations"."version" ASC /*application='LinearClone'*/[0m
  [1m[35m (0.1ms)[0m  [1m[34mSELECT pg_try_advisory_lock(225299084787497700) /*application='LinearClone'*/[0m
  [1m[36mActiveRecord::SchemaMigration Load (1.0ms)[0m  [1m[34mSELECT "schema_migrations"."version" FROM "schema_migrations" ORDER BY "schema_migrations"."version" ASC /*application='LinearClone'*/[0m
  [1m[36mActiveRecord::InternalMetadata Load (1.4ms)[0m  [1m[34mSELECT * FROM "ar_internal_metadata" WHERE "ar_internal_metadata"."key" = 'environment' ORDER BY "ar_internal_metadata"."key" ASC LIMIT 1 /*application='LinearClone'*/[0m
Migrating to CreateProjects (20260122135854)
  [1m[36mTRANSACTION (0.1ms)[0m  [1m[35mBEGIN /*application='LinearClone'*/[0m
  [1m[35m (8.8ms)[0m  [1m[35mCREATE TABLE "projects" ("id" uuid DEFAULT gen_random_uuid() NOT NULL PRIMARY KEY, "workspace_id" uuid NOT NULL, "name" character varying NOT NULL, "slug" character varying NOT NULL, "description" text, "icon" character varying, "color" character varying, "lead_id" uuid, "privacy" character varying DEFAULT 'public', "status" character varying DEFAULT 'active', "start_date" date, "target_date" date, "settings" jsonb DEFAULT '{}', "created_at" timestamp(6) NOT NULL, "updated_at" timestamp(6) NOT NULL, CONSTRAINT "fk_rails_2b526e3a7f"
FOREIGN KEY ("workspace_id")
  REFERENCES "workspaces" ("id")
, CONSTRAINT "fk_rails_c55b84bed5"
FOREIGN KEY ("lead_id")
  REFERENCES "users" ("id")
) /*application='LinearClone'*/[0m
  [1m[35m (0.8ms)[0m  [1m[35mCREATE INDEX "index_projects_on_workspace_id" ON "projects" ("workspace_id") /*application='LinearClone'*/[0m
  [1m[35m (0.7ms)[0m  [1m[35mCREATE INDEX "index_projects_on_lead_id" ON "projects" ("lead_id") /*application='LinearClone'*/[0m
  [1m[35m (0.8ms)[0m  [1m[35mCREATE UNIQUE INDEX "index_projects_on_workspace_id_and_slug" ON "projects" ("workspace_id", "slug") /*application='LinearClone'*/[0m
  [1m[35m (0.9ms)[0m  [1m[35mCREATE INDEX "index_projects_on_status" ON "projects" ("status") /*application='LinearClone'*/[0m
  [1m[35m (3.3ms)[0m  [1m[35mCREATE TABLE "project_memberships" ("id" uuid DEFAULT gen_random_uuid() NOT NULL PRIMARY KEY, "user_id" uuid NOT NULL, "project_id" uuid NOT NULL, "role" character varying DEFAULT 'member', "created_at" timestamp(6) NOT NULL, "updated_at" timestamp(6) NOT NULL, CONSTRAINT "fk_rails_86b046ec96"
FOREIGN KEY ("user_id")
  REFERENCES "users" ("id")
, CONSTRAINT "fk_rails_18b611e244"
FOREIGN KEY ("project_id")
  REFERENCES "projects" ("id")
) /*application='LinearClone'*/[0m
  [1m[35m (0.6ms)[0m  [1m[35mCREATE INDEX "index_project_memberships_on_user_id" ON "project_memberships" ("user_id") /*application='LinearClone'*/[0m
  [1m[35m (0.6ms)[0m  [1m[35mCREATE INDEX "index_project_memberships_on_project_id" ON "project_memberships" ("project_id") /*application='LinearClone'*/[0m
  [1m[35m (1.1ms)[0m  [1m[35mCREATE UNIQUE INDEX "index_project_memberships_on_user_id_and_project_id" ON "project_memberships" ("user_id", "project_id") /*application='LinearClone'*/[0m
  [1m[36mActiveRecord::SchemaMigration Create (0.3ms)[0m  [1m[32mINSERT INTO "schema_migrations" ("version") VALUES ('20260122135854') RETURNING "version" /*application='LinearClone'*/[0m
  [1m[36mTRANSACTION (0.7ms)[0m  [1m[35mCOMMIT /*application='LinearClone'*/[0m
Migrating to CreateIssues (20260122141150)
  [1m[36mTRANSACTION (0.2ms)[0m  [1m[35mBEGIN /*application='LinearClone'*/[0m
  [1m[35m (5.4ms)[0m  [1m[35mCREATE TABLE "issues" ("id" uuid DEFAULT gen_random_uuid() NOT NULL PRIMARY KEY, "team_id" uuid NOT NULL, "workspace_id" uuid NOT NULL, "creator_id" uuid NOT NULL, "assignee_id" uuid, "project_id" uuid, "parent_id" uuid, "identifier" character varying NOT NULL, "number" integer NOT NULL, "title" character varying NOT NULL, "description" text, "description_html" text, "status" character varying DEFAULT 'backlog' NOT NULL, "priority" integer DEFAULT 0 NOT NULL, "due_date" date, "estimate" decimal(10,2), "sort_order" integer DEFAULT 0 NOT NULL, "started_at" timestamp(6), "completed_at" timestamp(6), "canceled_at" timestamp(6), "archived_at" timestamp(6), "search_vector" tsvector, "created_at" timestamp(6) NOT NULL, "updated_at" timestamp(6) NOT NULL, CONSTRAINT "fk_rails_0e2f829a69"
FOREIGN KEY ("team_id")
  REFERENCES "teams" ("id")
, CONSTRAINT "fk_rails_b9944f3ac4"
FOREIGN KEY ("workspace_id")
  REFERENCES "workspaces" ("id")
, CONSTRAINT "fk_rails_3ac2c1e009"
FOREIGN KEY ("creator_id")
  REFERENCES "users" ("id")
, CONSTRAINT "fk_rails_ff669b5916"
FOREIGN KEY ("assignee_id")
  REFERENCES "users" ("id")
, CONSTRAINT "fk_rails_899c8f3231"
FOREIGN KEY ("project_id")
  REFERENCES "projects" ("id")
, CONSTRAINT "fk_rails_7bccfcc396"
FOREIGN KEY ("parent_id")
  REFERENCES "issues" ("id")
) /*application='LinearClone'*/[0m
  [1m[35m (0.6ms)[0m  [1m[35mCREATE INDEX "index_issues_on_team_id" ON "issues" ("team_id") /*application='LinearClone'*/[0m
  [1m[35m (0.6ms)[0m  [1m[35mCREATE INDEX "index_issues_on_workspace_id" ON "issues" ("workspace_id") /*application='LinearClone'*/[0m
  [1m[35m (0.7ms)[0m  [1m[35mCREATE INDEX "index_issues_on_creator_id" ON "issues" ("creator_id") /*application='LinearClone'*/[0m
  [1m[35m (0.7ms)[0m  [1m[35mCREATE INDEX "index_issues_on_assignee_id" ON "issues" ("assignee_id") /*application='LinearClone'*/[0m
  [1m[35m (0.6ms)[0m  [1m[35mCREATE INDEX "index_issues_on_project_id" ON "issues" ("project_id") /*application='LinearClone'*/[0m
  [1m[35m (0.5ms)[0m  [1m[35mCREATE INDEX "index_issues_on_parent_id" ON "issues" ("parent_id") /*application='LinearClone'*/[0m
  [1m[35m (0.5ms)[0m  [1m[35mCREATE UNIQUE INDEX "index_issues_on_identifier" ON "issues" ("identifier") /*application='LinearClone'*/[0m
  [1m[35m (0.7ms)[0m  [1m[35mCREATE UNIQUE INDEX "index_issues_on_team_id_and_number" ON "issues" ("team_id", "number") /*application='LinearClone'*/[0m
  [1m[35m (0.7ms)[0m  [1m[35mCREATE INDEX "index_issues_on_workspace_id_and_status" ON "issues" ("workspace_id", "status") /*application='LinearClone'*/[0m
  [1m[35m (0.8ms)[0m  [1m[35mCREATE INDEX "index_issues_on_team_id_and_status" ON "issues" ("team_id", "status") /*application='LinearClone'*/[0m
  [1m[35m (0.5ms)[0m  [1m[35mCREATE INDEX "index_issues_on_assignee_id_and_status" ON "issues" ("assignee_id", "status") /*application='LinearClone'*/[0m
  [1m[35m (0.3ms)[0m  [1m[35mCREATE INDEX "index_issues_on_project_id_and_status" ON "issues" ("project_id", "status") /*application='LinearClone'*/[0m
  [1m[35m (0.6ms)[0m  [1m[35mCREATE INDEX "index_issues_on_status" ON "issues" ("status") /*application='LinearClone'*/[0m
  [1m[35m (0.8ms)[0m  [1m[35mCREATE INDEX "index_issues_on_priority" ON "issues" ("priority") /*application='LinearClone'*/[0m
  [1m[35m (0.8ms)[0m  [1m[35mCREATE INDEX "index_issues_on_due_date" ON "issues" ("due_date") /*application='LinearClone'*/[0m
  [1m[35m (0.7ms)[0m  [1m[35mCREATE INDEX "index_issues_on_sort_order" ON "issues" ("sort_order") /*application='LinearClone'*/[0m
  [1m[35m (0.8ms)[0m  [1m[35mCREATE INDEX "index_issues_on_created_at" ON "issues" ("created_at") /*application='LinearClone'*/[0m
  [1m[35m (1.3ms)[0m  [1m[35mCREATE INDEX "index_issues_on_search_vector" ON "issues" USING gin ("search_vector") /*application='LinearClone'*/[0m
  [1m[35m (3.1ms)[0m  [1m[35mCREATE TABLE "labels" ("id" uuid DEFAULT gen_random_uuid() NOT NULL PRIMARY KEY, "workspace_id" uuid NOT NULL, "team_id" uuid, "name" character varying NOT NULL, "color" character varying NOT NULL, "description" text, "created_at" timestamp(6) NOT NULL, "updated_at" timestamp(6) NOT NULL, CONSTRAINT "fk_rails_b537941577"
FOREIGN KEY ("workspace_id")
  REFERENCES "workspaces" ("id")
, CONSTRAINT "fk_rails_7a9db9a278"
FOREIGN KEY ("team_id")
  REFERENCES "teams" ("id")
) /*application='LinearClone'*/[0m
  [1m[35m (0.9ms)[0m  [1m[35mCREATE INDEX "index_labels_on_workspace_id" ON "labels" ("workspace_id") /*application='LinearClone'*/[0m
  [1m[35m (0.8ms)[0m  [1m[35mCREATE INDEX "index_labels_on_team_id" ON "labels" ("team_id") /*application='LinearClone'*/[0m
  [1m[35m (0.7ms)[0m  [1m[35mCREATE INDEX "index_labels_on_workspace_id_and_name" ON "labels" ("workspace_id", "name") /*application='LinearClone'*/[0m
  [1m[35m (0.6ms)[0m  [1m[35mCREATE INDEX "index_labels_on_team_id_and_name" ON "labels" ("team_id", "name") /*application='LinearClone'*/[0m
  [1m[35m (2.1ms)[0m  [1m[35mCREATE TABLE "issue_labels" ("id" uuid DEFAULT gen_random_uuid() NOT NULL PRIMARY KEY, "issue_id" uuid NOT NULL, "label_id" uuid NOT NULL, "created_at" timestamp(6) NOT NULL, "updated_at" timestamp(6) NOT NULL, CONSTRAINT "fk_rails_20b2920162"
FOREIGN KEY ("issue_id")
  REFERENCES "issues" ("id")
, CONSTRAINT "fk_rails_3efb0f5064"
FOREIGN KEY ("label_id")
  REFERENCES "labels" ("id")
) /*application='LinearClone'*/[0m
  [1m[35m (0.3ms)[0m  [1m[35mCREATE INDEX "index_issue_labels_on_issue_id" ON "issue_labels" ("issue_id") /*application='LinearClone'*/[0m
  [1m[35m (0.7ms)[0m  [1m[35mCREATE INDEX "index_issue_labels_on_label_id" ON "issue_labels" ("label_id") /*application='LinearClone'*/[0m
  [1m[35m (1.0ms)[0m  [1m[35mCREATE UNIQUE INDEX "index_issue_labels_on_issue_id_and_label_id" ON "issue_labels" ("issue_id", "label_id") /*application='LinearClone'*/[0m
  [1m[35m (3.1ms)[0m  [1m[35mCREATE TABLE "comments" ("id" uuid DEFAULT gen_random_uuid() NOT NULL PRIMARY KEY, "issue_id" uuid NOT NULL, "user_id" uuid NOT NULL, "parent_id" uuid, "body" text NOT NULL, "body_html" text, "edited_at" timestamp(6), "created_at" timestamp(6) NOT NULL, "updated_at" timestamp(6) NOT NULL, CONSTRAINT "fk_rails_90ef1875d1"
FOREIGN KEY ("issue_id")
  REFERENCES "issues" ("id")
, CONSTRAINT "fk_rails_03de2dc08c"
FOREIGN KEY ("user_id")
  REFERENCES "users" ("id")
, CONSTRAINT "fk_rails_31554e7034"
FOREIGN KEY ("parent_id")
  REFERENCES "comments" ("id")
) /*application='LinearClone'*/[0m
  [1m[35m (0.8ms)[0m  [1m[35mCREATE INDEX "index_comments_on_issue_id" ON "comments" ("issue_id") /*application='LinearClone'*/[0m
  [1m[35m (0.6ms)[0m  [1m[35mCREATE INDEX "index_comments_on_user_id" ON "comments" ("user_id") /*application='LinearClone'*/[0m
  [1m[35m (1.1ms)[0m  [1m[35mCREATE INDEX "index_comments_on_parent_id" ON "comments" ("parent_id") /*application='LinearClone'*/[0m
  [1m[35m (1.5ms)[0m  [1m[35mCREATE INDEX "index_comments_on_issue_id_and_created_at" ON "comments" ("issue_id", "created_at") /*application='LinearClone'*/[0m
  [1m[35m (5.2ms)[0m  [1m[35mCREATE INDEX "index_comments_on_parent_id" ON "comments" ("parent_id") /*application='LinearClone'*/[0m
  [1m[36mTRANSACTION (0.1ms)[0m  [1m[31mROLLBACK /*application='LinearClone'*/[0m
  [1m[35m (0.2ms)[0m  [1m[34mSELECT pg_advisory_unlock(225299084787497700) /*application='LinearClone'*/[0m
  [1m[36mActiveRecord::SchemaMigration Load (0.8ms)[0m  [1m[34mSELECT "schema_migrations"."version" FROM "schema_migrations" ORDER BY "schema_migrations"."version" ASC /*application='LinearClone'*/[0m
  [1m[35m (0.1ms)[0m  [1m[34mSELECT pg_try_advisory_lock(225299084787497700) /*application='LinearClone'*/[0m
  [1m[36mActiveRecord::SchemaMigration Load (0.5ms)[0m  [1m[34mSELECT "schema_migrations"."version" FROM "schema_migrations" ORDER BY "schema_migrations"."version" ASC /*application='LinearClone'*/[0m
  [1m[36mActiveRecord::InternalMetadata Load (0.8ms)[0m  [1m[34mSELECT * FROM "ar_internal_metadata" WHERE "ar_internal_metadata"."key" = 'environment' ORDER BY "ar_internal_metadata"."key" ASC LIMIT 1 /*application='LinearClone'*/[0m
Migrating to CreateIssues (20260122141150)
  [1m[36mTRANSACTION (0.1ms)[0m  [1m[35mBEGIN /*application='LinearClone'*/[0m
  [1m[35m (8.9ms)[0m  [1m[35mCREATE TABLE "issues" ("id" uuid DEFAULT gen_random_uuid() NOT NULL PRIMARY KEY, "team_id" uuid NOT NULL, "workspace_id" uuid NOT NULL, "creator_id" uuid NOT NULL, "assignee_id" uuid, "project_id" uuid, "parent_id" uuid, "identifier" character varying NOT NULL, "number" integer NOT NULL, "title" character varying NOT NULL, "description" text, "description_html" text, "status" character varying DEFAULT 'backlog' NOT NULL, "priority" integer DEFAULT 0 NOT NULL, "due_date" date, "estimate" decimal(10,2), "sort_order" integer DEFAULT 0 NOT NULL, "started_at" timestamp(6), "completed_at" timestamp(6), "canceled_at" timestamp(6), "archived_at" timestamp(6), "search_vector" tsvector, "created_at" timestamp(6) NOT NULL, "updated_at" timestamp(6) NOT NULL, CONSTRAINT "fk_rails_0e2f829a69"
FOREIGN KEY ("team_id")
  REFERENCES "teams" ("id")
, CONSTRAINT "fk_rails_b9944f3ac4"
FOREIGN KEY ("workspace_id")
  REFERENCES "workspaces" ("id")
, CONSTRAINT "fk_rails_3ac2c1e009"
FOREIGN KEY ("creator_id")
  REFERENCES "users" ("id")
, CONSTRAINT "fk_rails_ff669b5916"
FOREIGN KEY ("assignee_id")
  REFERENCES "users" ("id")
, CONSTRAINT "fk_rails_899c8f3231"
FOREIGN KEY ("project_id")
  REFERENCES "projects" ("id")
, CONSTRAINT "fk_rails_7bccfcc396"
FOREIGN KEY ("parent_id")
  REFERENCES "issues" ("id")
) /*application='LinearClone'*/[0m
  [1m[35m (1.5ms)[0m  [1m[35mCREATE INDEX "index_issues_on_team_id" ON "issues" ("team_id") /*application='LinearClone'*/[0m
  [1m[35m (1.1ms)[0m  [1m[35mCREATE INDEX "index_issues_on_workspace_id" ON "issues" ("workspace_id") /*application='LinearClone'*/[0m
  [1m[35m (0.8ms)[0m  [1m[35mCREATE INDEX "index_issues_on_creator_id" ON "issues" ("creator_id") /*application='LinearClone'*/[0m
  [1m[35m (0.8ms)[0m  [1m[35mCREATE INDEX "index_issues_on_assignee_id" ON "issues" ("assignee_id") /*application='LinearClone'*/[0m
  [1m[35m (1.0ms)[0m  [1m[35mCREATE INDEX "index_issues_on_project_id" ON "issues" ("project_id") /*application='LinearClone'*/[0m
  [1m[35m (1.1ms)[0m  [1m[35mCREATE INDEX "index_issues_on_parent_id" ON "issues" ("parent_id") /*application='LinearClone'*/[0m
  [1m[35m (0.8ms)[0m  [1m[35mCREATE UNIQUE INDEX "index_issues_on_identifier" ON "issues" ("identifier") /*application='LinearClone'*/[0m
  [1m[35m (0.9ms)[0m  [1m[35mCREATE UNIQUE INDEX "index_issues_on_team_id_and_number" ON "issues" ("team_id", "number") /*application='LinearClone'*/[0m
  [1m[35m (0.8ms)[0m  [1m[35mCREATE INDEX "index_issues_on_workspace_id_and_status" ON "issues" ("workspace_id", "status") /*application='LinearClone'*/[0m
  [1m[35m (0.7ms)[0m  [1m[35mCREATE INDEX "index_issues_on_team_id_and_status" ON "issues" ("team_id", "status") /*application='LinearClone'*/[0m
  [1m[35m (0.4ms)[0m  [1m[35mCREATE INDEX "index_issues_on_assignee_id_and_status" ON "issues" ("assignee_id", "status") /*application='LinearClone'*/[0m
  [1m[35m (0.3ms)[0m  [1m[35mCREATE INDEX "index_issues_on_project_id_and_status" ON "issues" ("project_id", "status") /*application='LinearClone'*/[0m
  [1m[35m (0.6ms)[0m  [1m[35mCREATE INDEX "index_issues_on_status" ON "issues" ("status") /*application='LinearClone'*/[0m
  [1m[35m (0.8ms)[0m  [1m[35mCREATE INDEX "index_issues_on_priority" ON "issues" ("priority") /*application='LinearClone'*/[0m
  [1m[35m (0.8ms)[0m  [1m[35mCREATE INDEX "index_issues_on_due_date" ON "issues" ("due_date") /*application='LinearClone'*/[0m
  [1m[35m (0.7ms)[0m  [1m[35mCREATE INDEX "index_issues_on_sort_order" ON "issues" ("sort_order") /*application='LinearClone'*/[0m
  [1m[35m (0.8ms)[0m  [1m[35mCREATE INDEX "index_issues_on_created_at" ON "issues" ("created_at") /*application='LinearClone'*/[0m
  [1m[35m (0.8ms)[0m  [1m[35mCREATE INDEX "index_issues_on_search_vector" ON "issues" USING gin ("search_vector") /*application='LinearClone'*/[0m
  [1m[35m (3.7ms)[0m  [1m[35mCREATE TABLE "labels" ("id" uuid DEFAULT gen_random_uuid() NOT NULL PRIMARY KEY, "workspace_id" uuid NOT NULL, "team_id" uuid, "name" character varying NOT NULL, "color" character varying NOT NULL, "description" text, "created_at" timestamp(6) NOT NULL, "updated_at" timestamp(6) NOT NULL, CONSTRAINT "fk_rails_b537941577"
FOREIGN KEY ("workspace_id")
  REFERENCES "workspaces" ("id")
, CONSTRAINT "fk_rails_7a9db9a278"
FOREIGN KEY ("team_id")
  REFERENCES "teams" ("id")
) /*application='LinearClone'*/[0m
  [1m[35m (1.2ms)[0m  [1m[35mCREATE INDEX "index_labels_on_workspace_id" ON "labels" ("workspace_id") /*application='LinearClone'*/[0m
  [1m[35m (0.8ms)[0m  [1m[35mCREATE INDEX "index_labels_on_team_id" ON "labels" ("team_id") /*application='LinearClone'*/[0m
  [1m[35m (0.9ms)[0m  [1m[35mCREATE INDEX "index_labels_on_workspace_id_and_name" ON "labels" ("workspace_id", "name") /*application='LinearClone'*/[0m
  [1m[35m (0.9ms)[0m  [1m[35mCREATE INDEX "index_labels_on_team_id_and_name" ON "labels" ("team_id", "name") /*application='LinearClone'*/[0m
  [1m[35m (1.7ms)[0m  [1m[35mCREATE TABLE "issue_labels" ("id" uuid DEFAULT gen_random_uuid() NOT NULL PRIMARY KEY, "issue_id" uuid NOT NULL, "label_id" uuid NOT NULL, "created_at" timestamp(6) NOT NULL, "updated_at" timestamp(6) NOT NULL, CONSTRAINT "fk_rails_20b2920162"
FOREIGN KEY ("issue_id")
  REFERENCES "issues" ("id")
, CONSTRAINT "fk_rails_3efb0f5064"
FOREIGN KEY ("label_id")
  REFERENCES "labels" ("id")
) /*application='LinearClone'*/[0m
  [1m[35m (0.8ms)[0m  [1m[35mCREATE INDEX "index_issue_labels_on_issue_id" ON "issue_labels" ("issue_id") /*application='LinearClone'*/[0m
  [1m[35m (1.3ms)[0m  [1m[35mCREATE INDEX "index_issue_labels_on_label_id" ON "issue_labels" ("label_id") /*application='LinearClone'*/[0m
  [1m[35m (0.9ms)[0m  [1m[35mCREATE UNIQUE INDEX "index_issue_labels_on_issue_id_and_label_id" ON "issue_labels" ("issue_id", "label_id") /*application='LinearClone'*/[0m
  [1m[35m (3.9ms)[0m  [1m[35mCREATE TABLE "comments" ("id" uuid DEFAULT gen_random_uuid() NOT NULL PRIMARY KEY, "issue_id" uuid NOT NULL, "user_id" uuid NOT NULL, "parent_id" uuid, "body" text NOT NULL, "body_html" text, "edited_at" timestamp(6), "created_at" timestamp(6) NOT NULL, "updated_at" timestamp(6) NOT NULL, CONSTRAINT "fk_rails_90ef1875d1"
FOREIGN KEY ("issue_id")
  REFERENCES "issues" ("id")
, CONSTRAINT "fk_rails_03de2dc08c"
FOREIGN KEY ("user_id")
  REFERENCES "users" ("id")
, CONSTRAINT "fk_rails_31554e7034"
FOREIGN KEY ("parent_id")
  REFERENCES "comments" ("id")
) /*application='LinearClone'*/[0m
  [1m[35m (0.4ms)[0m  [1m[35mCREATE INDEX "index_comments_on_issue_id" ON "comments" ("issue_id") /*application='LinearClone'*/[0m
  [1m[35m (0.7ms)[0m  [1m[35mCREATE INDEX "index_comments_on_user_id" ON "comments" ("user_id") /*application='LinearClone'*/[0m
  [1m[35m (1.0ms)[0m  [1m[35mCREATE INDEX "index_comments_on_parent_id" ON "comments" ("parent_id") /*application='LinearClone'*/[0m
  [1m[35m (1.4ms)[0m  [1m[35mCREATE INDEX "index_comments_on_issue_id_and_created_at" ON "comments" ("issue_id", "created_at") /*application='LinearClone'*/[0m
  [1m[35m (2.2ms)[0m  [1m[35mCREATE TABLE "issue_activities" ("id" uuid DEFAULT gen_random_uuid() NOT NULL PRIMARY KEY, "issue_id" uuid NOT NULL, "user_id" uuid NOT NULL, "action" character varying NOT NULL, "field" character varying, "old_value" text, "new_value" text, "created_at" timestamp(6) NOT NULL, "updated_at" timestamp(6) NOT NULL, CONSTRAINT "fk_rails_86a52f69c1"
FOREIGN KEY ("issue_id")
  REFERENCES "issues" ("id")
, CONSTRAINT "fk_rails_286a746468"
FOREIGN KEY ("user_id")
  REFERENCES "users" ("id")
) /*application='LinearClone'*/[0m
  [1m[35m (0.4ms)[0m  [1m[35mCREATE INDEX "index_issue_activities_on_issue_id" ON "issue_activities" ("issue_id") /*application='LinearClone'*/[0m
  [1m[35m (0.4ms)[0m  [1m[35mCREATE INDEX "index_issue_activities_on_user_id" ON "issue_activities" ("user_id") /*application='LinearClone'*/[0m
  [1m[35m (0.6ms)[0m  [1m[35mCREATE INDEX "index_issue_activities_on_issue_id_and_created_at" ON "issue_activities" ("issue_id", "created_at") /*application='LinearClone'*/[0m
  [1m[36mActiveRecord::SchemaMigration Create (0.2ms)[0m  [1m[32mINSERT INTO "schema_migrations" ("version") VALUES ('20260122141150') RETURNING "version" /*application='LinearClone'*/[0m
  [1m[36mTRANSACTION (0.9ms)[0m  [1m[35mCOMMIT /*application='LinearClone'*/[0m
  [1m[35m (0.4ms)[0m  [1m[34mSELECT pg_advisory_unlock(225299084787497700) /*application='LinearClone'*/[0m
  [1m[36mActiveRecord::SchemaMigration Load (0.1ms)[0m  [1m[34mSELECT "schema_migrations"."version" FROM "schema_migrations" ORDER BY "schema_migrations"."version" ASC /*application='LinearClone'*/[0m
  [1m[35m (2.9ms)[0m  [1m[34mSELECT pg_try_advisory_lock(225299084787497700) /*application='LinearClone'*/[0m
  [1m[36mActiveRecord::SchemaMigration Load (3.9ms)[0m  [1m[34mSELECT "schema_migrations"."version" FROM "schema_migrations" ORDER BY "schema_migrations"."version" ASC /*application='LinearClone'*/[0m
  [1m[36mActiveRecord::InternalMetadata Load (2.4ms)[0m  [1m[34mSELECT * FROM "ar_internal_metadata" WHERE "ar_internal_metadata"."key" = 'environment' ORDER BY "ar_internal_metadata"."key" ASC LIMIT 1 /*application='LinearClone'*/[0m
Migrating to ConvertToSingleTenant (20260122160000)
  [1m[36mTRANSACTION (0.1ms)[0m  [1m[35mBEGIN /*application='LinearClone'*/[0m
  [1m[35m (2.4ms)[0m  [1m[35mALTER TABLE "users" ADD "role" character varying DEFAULT 'member' NOT NULL /*application='LinearClone'*/[0m
  [1m[35m (2.5ms)[0m  [1m[35mCREATE INDEX "index_users_on_role" ON "users" ("role") /*application='LinearClone'*/[0m
  [1m[35m (2.2ms)[0m  [1m[35mDROP INDEX  "index_teams_on_workspace_id_and_key" /*application='LinearClone'*/[0m
  [1m[35m (1.1ms)[0m  [1m[35mALTER TABLE "teams" DROP CONSTRAINT "fk_rails_a68041d834" /*application='LinearClone'*/[0m
  [1m[35m (0.5ms)[0m  [1m[35mALTER TABLE "teams" DROP COLUMN "workspace_id" /*application='LinearClone'*/[0m
  [1m[35m (0.2ms)[0m  [1m[35mDROP INDEX  "index_teams_on_key" /*application='LinearClone'*/[0m
  [1m[35m (1.2ms)[0m  [1m[35mCREATE UNIQUE INDEX "index_teams_on_key" ON "teams" ("key") /*application='LinearClone'*/[0m
  [1m[35m (0.2ms)[0m  [1m[35mDROP INDEX  "index_projects_on_workspace_id_and_slug" /*application='LinearClone'*/[0m
  [1m[35m (0.1ms)[0m  [1m[35mDROP INDEX  "index_projects_on_workspace_id" /*application='LinearClone'*/[0m
  [1m[35m (0.3ms)[0m  [1m[35mALTER TABLE "projects" DROP CONSTRAINT "fk_rails_2b526e3a7f" /*application='LinearClone'*/[0m
  [1m[35m (0.2ms)[0m  [1m[35mALTER TABLE "projects" DROP COLUMN "workspace_id" /*application='LinearClone'*/[0m
  [1m[35m (1.5ms)[0m  [1m[35mCREATE UNIQUE INDEX "index_projects_on_slug" ON "projects" ("slug") /*application='LinearClone'*/[0m
  [1m[35m (0.2ms)[0m  [1m[35mDROP INDEX  "index_labels_on_workspace_id_and_name" /*application='LinearClone'*/[0m
  [1m[35m (0.2ms)[0m  [1m[35mDROP INDEX  "index_labels_on_workspace_id" /*application='LinearClone'*/[0m
  [1m[35m (0.4ms)[0m  [1m[35mALTER TABLE "labels" DROP CONSTRAINT "fk_rails_b537941577" /*application='LinearClone'*/[0m
  [1m[35m (0.2ms)[0m  [1m[35mALTER TABLE "labels" DROP COLUMN "workspace_id" /*application='LinearClone'*/[0m
  [1m[35m (1.6ms)[0m  [1m[35mCREATE UNIQUE INDEX "index_labels_on_team_id_and_name_unique" ON "labels" ("team_id", "name") WHERE team_id IS NOT NULL /*application='LinearClone'*/[0m
  [1m[35m (1.2ms)[0m  [1m[35mCREATE UNIQUE INDEX "index_global_labels_on_name_unique" ON "labels" ("name") WHERE team_id IS NULL /*application='LinearClone'*/[0m
  [1m[35m (0.2ms)[0m  [1m[35mDROP INDEX  "index_issues_on_workspace_id_and_status" /*application='LinearClone'*/[0m
  [1m[35m (0.2ms)[0m  [1m[35mDROP INDEX  "index_issues_on_workspace_id" /*application='LinearClone'*/[0m
  [1m[35m (0.4ms)[0m  [1m[35mALTER TABLE "issues" DROP CONSTRAINT "fk_rails_b9944f3ac4" /*application='LinearClone'*/[0m
  [1m[35m (0.2ms)[0m  [1m[35mALTER TABLE "issues" DROP COLUMN "workspace_id" /*application='LinearClone'*/[0m
  [1m[35m (2.6ms)[0m  [1m[35mDROP TABLE "workspace_memberships" /*application='LinearClone'*/[0m
  [1m[35m (0.7ms)[0m  [1m[35mDROP TABLE "workspaces" /*application='LinearClone'*/[0m
  [1m[36mActiveRecord::SchemaMigration Create (0.3ms)[0m  [1m[32mINSERT INTO "schema_migrations" ("version") VALUES ('20260122160000') RETURNING "version" /*application='LinearClone'*/[0m
  [1m[36mTRANSACTION (5.2ms)[0m  [1m[35mCOMMIT /*application='LinearClone'*/[0m
Migrating to AddMagicLinkToUsers (20260122170000)
  [1m[36mTRANSACTION (0.2ms)[0m  [1m[35mBEGIN /*application='LinearClone'*/[0m
  [1m[35m (0.9ms)[0m  [1m[35mALTER TABLE "users" ADD "magic_link_token" character varying /*application='LinearClone'*/[0m
  [1m[35m (0.2ms)[0m  [1m[35mALTER TABLE "users" ADD "magic_link_sent_at" timestamp(6) /*application='LinearClone'*/[0m
  [1m[35m (0.8ms)[0m  [1m[35mCREATE UNIQUE INDEX "index_users_on_magic_link_token" ON "users" ("magic_link_token") /*application='LinearClone'*/[0m
  [1m[35m (0.1ms)[0m  [1m[35mALTER TABLE "users" ALTER COLUMN "password_digest" DROP NOT NULL /*application='LinearClone'*/[0m
  [1m[36mActiveRecord::SchemaMigration Create (0.1ms)[0m  [1m[32mINSERT INTO "schema_migrations" ("version") VALUES ('20260122170000') RETURNING "version" /*application='LinearClone'*/[0m
  [1m[36mTRANSACTION (0.2ms)[0m  [1m[35mCOMMIT /*application='LinearClone'*/[0m
  [1m[35m (0.1ms)[0m  [1m[34mSELECT pg_advisory_unlock(225299084787497700) /*application='LinearClone'*/[0m
  [1m[36mActiveRecord::SchemaMigration Load (0.1ms)[0m  [1m[34mSELECT "schema_migrations"."version" FROM "schema_migrations" ORDER BY "schema_migrations"."version" ASC /*application='LinearClone'*/[0m
Started GET "/api/v1/auth/me" for ::1 at 2026-01-25 22:28:39 -0300
  [1m[36mActiveRecord::SchemaMigration Load (0.5ms)[0m  [1m[34mSELECT "schema_migrations"."version" FROM "schema_migrations" ORDER BY "schema_migrations"."version" ASC /*application='LinearClone'*/[0m
Processing by Api::V1::Auth::SessionsController#me as JSON
  Parameters: {"session"=>{}}
Filter chain halted as :authenticate_user! rendered or redirected
Completed 401 Unauthorized in 1ms (Views: 0.3ms | ActiveRecord: 0.0ms (0 queries, 0 cached) | GC: 0.1ms)


Started GET "/api/v1/teams" for ::1 at 2026-01-25 22:28:39 -0300
Processing by Api::V1::TeamsController#index as JSON
  Parameters: {"team"=>{}}
Filter chain halted as :authenticate_user! rendered or redirected
Completed 401 Unauthorized in 0ms (Views: 0.1ms | ActiveRecord: 15.1ms (0 queries, 0 cached) | GC: 0.0ms)


Started GET "/api/v1/projects" for ::1 at 2026-01-25 22:28:39 -0300
Processing by Api::V1::ProjectsController#index as JSON
  Parameters: {"project"=>{}}
Filter chain halted as :authenticate_user! rendered or redirected
Completed 401 Unauthorized in 0ms (Views: 0.0ms | ActiveRecord: 1.5ms (0 queries, 0 cached) | GC: 0.0ms)


Started POST "/api/v1/auth/magic-link" for ::1 at 2026-01-25 22:29:11 -0300
Processing by Api::V1::Auth::SessionsController#send_magic_link as JSON
  Parameters: {"email"=>"[FILTERED]", "session"=>{"email"=>"[FILTERED]"}}
  [1m[36mUser Load (3.0ms)[0m  [1m[34mSELECT "users".* FROM "users" WHERE (LOWER(email) = 'test@fintoc.com') ORDER BY "users"."id" ASC LIMIT 1 /*action='send_magic_link',application='LinearClone',controller='sessions'*/[0m
  ↳ app/models/user.rb:36:in `find_by_email'
  [1m[36mUser Count (1.4ms)[0m  [1m[34mSELECT COUNT(*) FROM "users" /*action='send_magic_link',application='LinearClone',controller='sessions'*/[0m
  ↳ app/controllers/api/v1/auth/sessions_controller.rb:27:in `send_magic_link'
  [1m[36mTRANSACTION (0.1ms)[0m  [1m[35mBEGIN /*action='send_magic_link',application='LinearClone',controller='sessions'*/[0m
  ↳ app/controllers/api/v1/auth/sessions_controller.rb:34:in `send_magic_link'
  [1m[36mUser Exists? (0.8ms)[0m  [1m[34mSELECT 1 AS one FROM "users" WHERE LOWER("users"."email") = LOWER('test@fintoc.com') LIMIT 1 /*action='send_magic_link',application='LinearClone',controller='sessions'*/[0m
  ↳ app/controllers/api/v1/auth/sessions_controller.rb:34:in `send_magic_link'
  [1m[36mUser Create (0.8ms)[0m  [1m[32mINSERT INTO "users" ("email", "password_digest", "name", "avatar_url", "timezone", "created_at", "updated_at", "role", "magic_link_token", "magic_link_sent_at") VALUES ('test@fintoc.com', NULL, 'test@fintoc.com', NULL, 'UTC', '2026-01-26 01:29:11.764175', '2026-01-26 01:29:11.764175', 'member', NULL, NULL) RETURNING "id" /*action='send_magic_link',application='LinearClone',controller='sessions'*/[0m
  ↳ app/controllers/api/v1/auth/sessions_controller.rb:34:in `send_magic_link'
  [1m[36mTRANSACTION (0.7ms)[0m  [1m[35mCOMMIT /*action='send_magic_link',application='LinearClone',controller='sessions'*/[0m
  ↳ app/controllers/api/v1/auth/sessions_controller.rb:34:in `send_magic_link'
  [1m[36mUser Exists? (0.4ms)[0m  [1m[34mSELECT 1 AS one FROM "users" WHERE "users"."magic_link_token" = 'FAjx7LjugRTeGQEESCtS3BvF3yE_uw2UnXZIpjbD1NE' LIMIT 1 /*action='send_magic_link',application='LinearClone',controller='sessions'*/[0m
  ↳ app/models/user.rb:43:in `block in generate_magic_link_token!'
  [1m[36mTRANSACTION (0.1ms)[0m  [1m[35mBEGIN /*action='send_magic_link',application='LinearClone',controller='sessions'*/[0m
  ↳ app/models/user.rb:46:in `generate_magic_link_token!'
  [1m[36mUser Exists? (0.7ms)[0m  [1m[34mSELECT 1 AS one FROM "users" WHERE LOWER("users"."email") = LOWER('test@fintoc.com') AND "users"."id" != '7ce9e54a-69e0-423b-b490-297d7e47be40' LIMIT 1 /*action='send_magic_link',application='LinearClone',controller='sessions'*/[0m
  ↳ app/models/user.rb:46:in `generate_magic_link_token!'
  [1m[36mUser Update (0.5ms)[0m  [1m[33mUPDATE "users" SET "updated_at" = '2026-01-26 01:29:11.768656', "magic_link_token" = 'FAjx7LjugRTeGQEESCtS3BvF3yE_uw2UnXZIpjbD1NE', "magic_link_sent_at" = '2026-01-26 01:29:11.767427' WHERE "users"."id" = '7ce9e54a-69e0-423b-b490-297d7e47be40' /*action='send_magic_link',application='LinearClone',controller='sessions'*/[0m
  ↳ app/models/user.rb:46:in `generate_magic_link_token!'
  [1m[36mTRANSACTION (0.2ms)[0m  [1m[35mCOMMIT /*action='send_magic_link',application='LinearClone',controller='sessions'*/[0m
  ↳ app/models/user.rb:46:in `generate_magic_link_token!'
[ActiveJob] Enqueued ActionMailer::MailDeliveryJob (Job ID: 9e062d49-7061-47ed-994c-905baaa3449a) to Sidekiq(default) with arguments: "MagicLinkMailer", "magic_link_email", "deliver_now", {:args=>[#<GlobalID:0x0000000113258848 @uri=#<URI::GID gid://linear-clone/User/7ce9e54a-69e0-423b-b490-297d7e47be40>>, "FAjx7LjugRTeGQEESCtS3BvF3yE_uw2UnXZIpjbD1NE"]}
[ActiveJob] ↳ app/controllers/api/v1/auth/sessions_controller.rb:41:in `send_magic_link'
Completed 200 OK in 652ms (Views: 0.2ms | ActiveRecord: 23.4ms (7 queries, 0 cached) | GC: 0.0ms)


Started GET "/api/v1/auth/me" for ::1 at 2026-01-25 22:29:45 -0300
Processing by Api::V1::Auth::SessionsController#me as JSON
  Parameters: {"session"=>{}}
Filter chain halted as :authenticate_user! rendered or redirected
Completed 401 Unauthorized in 0ms (Views: 0.1ms | ActiveRecord: 0.0ms (0 queries, 0 cached) | GC: 0.0ms)


Started GET "/up" for ::1 at 2026-01-25 22:30:43 -0300
Processing by Rails::HealthController#show as */*
  Rendering html template
  Rendered html template (Duration: 0.1ms | GC: 0.0ms)
Completed 200 OK in 5ms (Views: 4.3ms | ActiveRecord: 0.0ms (0 queries, 0 cached) | GC: 0.0ms)


Started GET "/api/v1/auth/me" for ::1 at 2026-01-25 22:30:47 -0300
Processing by Api::V1::Auth::SessionsController#me as JSON
  Parameters: {"session"=>{}}
Filter chain halted as :authenticate_user! rendered or redirected
Completed 401 Unauthorized in 0ms (Views: 0.1ms | ActiveRecord: 0.0ms (0 queries, 0 cached) | GC: 0.0ms)


Started POST "/api/v1/auth/magic-link" for ::1 at 2026-01-25 22:31:16 -0300
Processing by Api::V1::Auth::SessionsController#send_magic_link as */*
  Parameters: {"email"=>"[FILTERED]", "session"=>{"email"=>"[FILTERED]"}}
Completed 422 Unprocessable Content in 0ms (Views: 0.1ms | ActiveRecord: 0.0ms (0 queries, 0 cached) | GC: 0.0ms)


Started GET "/api/v1/auth/me" for ::1 at 2026-01-25 22:32:38 -0300
Processing by Api::V1::Auth::SessionsController#me as JSON
  Parameters: {"session"=>{}}
Filter chain halted as :authenticate_user! rendered or redirected
Completed 401 Unauthorized in 1ms (Views: 0.2ms | ActiveRecord: 0.0ms (0 queries, 0 cached) | GC: 0.0ms)


Started POST "/api/v1/auth/magic-link" for ::1 at 2026-01-25 22:33:18 -0300
Processing by Api::V1::Auth::SessionsController#send_magic_link as */*
  Parameters: {"email"=>"[FILTERED]", "session"=>{"email"=>"[FILTERED]"}}
Completed 422 Unprocessable Content in 1ms (Views: 0.2ms | ActiveRecord: 0.0ms (0 queries, 0 cached) | GC: 0.0ms)


  [1m[36mUser Load (0.7ms)[0m  [1m[34mSELECT "users".* FROM "users" WHERE "users"."email" = 'test@fintoc.com' LIMIT 1 /*application='LinearClone'*/[0m
  [1m[36mUser Exists? (0.1ms)[0m  [1m[34mSELECT 1 AS one FROM "users" WHERE "users"."magic_link_token" = 'GHTbNmFi7sMfmQ83ZVRSbw6FFIzNQxpsVZiSALcgUTY' LIMIT 1 /*application='LinearClone'*/[0m
  ↳ app/models/user.rb:43:in `block in generate_magic_link_token!'
  [1m[36mTRANSACTION (0.1ms)[0m  [1m[35mBEGIN /*application='LinearClone'*/[0m
  ↳ app/models/user.rb:46:in `generate_magic_link_token!'
  [1m[36mUser Exists? (0.5ms)[0m  [1m[34mSELECT 1 AS one FROM "users" WHERE LOWER("users"."email") = LOWER('test@fintoc.com') AND "users"."id" != '7ce9e54a-69e0-423b-b490-297d7e47be40' LIMIT 1 /*application='LinearClone'*/[0m
  ↳ app/models/user.rb:46:in `generate_magic_link_token!'
  [1m[36mUser Update (0.3ms)[0m  [1m[33mUPDATE "users" SET "updated_at" = '2026-01-26 01:33:29.147585', "magic_link_token" = 'GHTbNmFi7sMfmQ83ZVRSbw6FFIzNQxpsVZiSALcgUTY', "magic_link_sent_at" = '2026-01-26 01:33:29.145742' WHERE "users"."id" = '7ce9e54a-69e0-423b-b490-297d7e47be40' /*application='LinearClone'*/[0m
  ↳ app/models/user.rb:46:in `generate_magic_link_token!'
  [1m[36mTRANSACTION (0.8ms)[0m  [1m[35mCOMMIT /*application='LinearClone'*/[0m
  ↳ app/models/user.rb:46:in `generate_magic_link_token!'
Started POST "/api/v1/auth/verify-magic-link" for ::1 at 2026-01-25 22:33:33 -0300
Processing by Api::V1::Auth::SessionsController#verify_magic_link as JSON
  Parameters: {"token"=>"[FILTERED]", "session"=>{"token"=>"[FILTERED]"}}
  [1m[36mUser Load (1.2ms)[0m  [1m[34mSELECT "users".* FROM "users" WHERE "users"."magic_link_token" = 'GHTbNmFi7sMfmQ83ZVRSbw6FFIzNQxpsVZiSALcgUTY' LIMIT 1 /*action='verify_magic_link',application='LinearClone',controller='sessions'*/[0m
  ↳ app/models/user.rb:54:in `find_by_magic_link_token'
  [1m[36mTRANSACTION (0.2ms)[0m  [1m[35mBEGIN /*action='verify_magic_link',application='LinearClone',controller='sessions'*/[0m
  ↳ app/models/user.rb:66:in `clear_magic_link_token!'
  [1m[36mUser Exists? (0.8ms)[0m  [1m[34mSELECT 1 AS one FROM "users" WHERE LOWER("users"."email") = LOWER('test@fintoc.com') AND "users"."id" != '7ce9e54a-69e0-423b-b490-297d7e47be40' LIMIT 1 /*action='verify_magic_link',application='LinearClone',controller='sessions'*/[0m
  ↳ app/models/user.rb:66:in `clear_magic_link_token!'
  [1m[36mUser Update (0.3ms)[0m  [1m[33mUPDATE "users" SET "updated_at" = '2026-01-26 01:33:33.741111', "magic_link_token" = NULL, "magic_link_sent_at" = NULL WHERE "users"."id" = '7ce9e54a-69e0-423b-b490-297d7e47be40' /*action='verify_magic_link',application='LinearClone',controller='sessions'*/[0m
  ↳ app/models/user.rb:66:in `clear_magic_link_token!'
  [1m[36mTRANSACTION (0.2ms)[0m  [1m[35mCOMMIT /*action='verify_magic_link',application='LinearClone',controller='sessions'*/[0m
  ↳ app/models/user.rb:66:in `clear_magic_link_token!'
  [1m[36mTeam Load (2.1ms)[0m  [1m[34mSELECT "teams".* FROM "teams" ORDER BY "teams"."name" ASC /*action='verify_magic_link',application='LinearClone',controller='sessions'*/[0m
  ↳ app/controllers/api/v1/auth/sessions_controller.rb:119:in `auth_response'
  [1m[36mProject Load (2.4ms)[0m  [1m[34mSELECT "projects".* FROM "projects" WHERE "projects"."status" = 'active' ORDER BY "projects"."name" ASC /*action='verify_magic_link',application='LinearClone',controller='sessions'*/[0m
  ↳ app/controllers/api/v1/auth/sessions_controller.rb:120:in `auth_response'
Completed 200 OK in 57ms (Views: 0.1ms | ActiveRecord: 8.9ms (5 queries, 0 cached) | GC: 14.1ms)


Started GET "/api/v1/teams" for ::1 at 2026-01-25 22:33:35 -0300
Started GET "/api/v1/projects" for ::1 at 2026-01-25 22:33:35 -0300
Processing by Api::V1::ProjectsController#index as JSON
  Parameters: {"project"=>{}}
Processing by Api::V1::TeamsController#index as JSON
  Parameters: {"team"=>{}}
  [1m[36mUser Load (0.8ms)[0m  [1m[34mSELECT "users".* FROM "users" WHERE "users"."id" = '7ce9e54a-69e0-423b-b490-297d7e47be40' LIMIT 1 /*action='index',application='LinearClone',controller='projects'*/[0m
  ↳ app/controllers/application_controller.rb:15:in `current_user'
  [1m[36mProject Load (0.3ms)[0m  [1m[34mSELECT "projects".* FROM "projects" ORDER BY "projects"."name" ASC /*action='index',application='LinearClone',controller='projects'*/[0m
  ↳ app/controllers/api/v1/projects_controller.rb:17:in `index'
Completed 200 OK in 8ms (Views: 0.1ms | ActiveRecord: 1.1ms (2 queries, 0 cached) | GC: 0.2ms)


  [1m[36mUser Load (0.9ms)[0m  [1m[34mSELECT "users".* FROM "users" WHERE "users"."id" = '7ce9e54a-69e0-423b-b490-297d7e47be40' LIMIT 1 /*action='index',application='LinearClone',controller='teams'*/[0m
  ↳ app/controllers/application_controller.rb:15:in `current_user'
  [1m[36mTeam Load (0.5ms)[0m  [1m[34mSELECT "teams".* FROM "teams" ORDER BY "teams"."name" ASC /*action='index',application='LinearClone',controller='teams'*/[0m
  ↳ app/controllers/api/v1/teams_controller.rb:13:in `index'
  [1m[36mTeamMembership Load (10.8ms)[0m  [1m[34mSELECT "team_memberships".* FROM "team_memberships" WHERE "team_memberships"."team_id" IN ('9f31461f-5b5b-4c34-bacb-4729964f109d', '901d5d92-a0f2-43cc-a4aa-1e4f96506d1a') /*action='index',application='LinearClone',controller='teams'*/[0m
  ↳ app/controllers/api/v1/teams_controller.rb:13:in `index'
  [1m[36mUser Load (0.3ms)[0m  [1m[34mSELECT "users".* FROM "users" WHERE "users"."id" IN ('c433b2a6-7133-42b1-8587-74303cccfd10', '1ab5eed4-32b8-4bf9-bd99-a1b61b801301', 'ff0f5328-a27f-48a1-aec2-ba8e88725e01', '594f5079-166b-47d6-bc89-207c9e3a38dd') /*action='index',application='LinearClone',controller='teams'*/[0m
  ↳ app/controllers/api/v1/teams_controller.rb:13:in `index'
Completed 200 OK in 45ms (Views: 0.1ms | ActiveRecord: 20.4ms (4 queries, 0 cached) | GC: 1.0ms)


Started GET "/api/v1/teams" for ::1 at 2026-01-25 22:33:35 -0300
Started GET "/api/v1/projects" for ::1 at 2026-01-25 22:33:35 -0300
Processing by Api::V1::TeamsController#index as JSON
  Parameters: {"team"=>{}}
  [1m[36mUser Load (0.4ms)[0m  [1m[34mSELECT "users".* FROM "users" WHERE "users"."id" = '7ce9e54a-69e0-423b-b490-297d7e47be40' LIMIT 1 /*action='index',application='LinearClone',controller='teams'*/[0m
  ↳ app/controllers/application_controller.rb:15:in `current_user'
  [1m[36mTeam Load (0.2ms)[0m  [1m[34mSELECT "teams".* FROM "teams" ORDER BY "teams"."name" ASC /*action='index',application='LinearClone',controller='teams'*/[0m
  ↳ app/controllers/api/v1/teams_controller.rb:13:in `index'
  [1m[36mTeamMembership Load (0.2ms)[0m  [1m[34mSELECT "team_memberships".* FROM "team_memberships" WHERE "team_memberships"."team_id" IN ('9f31461f-5b5b-4c34-bacb-4729964f109d', '901d5d92-a0f2-43cc-a4aa-1e4f96506d1a') /*action='index',application='LinearClone',controller='teams'*/[0m
  ↳ app/controllers/api/v1/teams_controller.rb:13:in `index'
  [1m[36mUser Load (0.2ms)[0m  [1m[34mSELECT "users".* FROM "users" WHERE "users"."id" IN ('c433b2a6-7133-42b1-8587-74303cccfd10', '1ab5eed4-32b8-4bf9-bd99-a1b61b801301', 'ff0f5328-a27f-48a1-aec2-ba8e88725e01', '594f5079-166b-47d6-bc89-207c9e3a38dd') /*action='index',application='LinearClone',controller='teams'*/[0m
  ↳ app/controllers/api/v1/teams_controller.rb:13:in `index'
Completed 200 OK in 5ms (Views: 0.1ms | ActiveRecord: 1.1ms (4 queries, 0 cached) | GC: 0.5ms)


Processing by Api::V1::ProjectsController#index as JSON
  Parameters: {"project"=>{}}
  [1m[36mUser Load (0.2ms)[0m  [1m[34mSELECT "users".* FROM "users" WHERE "users"."id" = '7ce9e54a-69e0-423b-b490-297d7e47be40' LIMIT 1 /*action='index',application='LinearClone',controller='projects'*/[0m
  ↳ app/controllers/application_controller.rb:15:in `current_user'
  [1m[36mProject Load (0.5ms)[0m  [1m[34mSELECT "projects".* FROM "projects" ORDER BY "projects"."name" ASC /*action='index',application='LinearClone',controller='projects'*/[0m
  ↳ app/controllers/api/v1/projects_controller.rb:17:in `index'
Completed 200 OK in 2ms (Views: 0.0ms | ActiveRecord: 0.7ms (2 queries, 0 cached) | GC: 0.0ms)


Started GET "/api/v1/auth/me" for ::1 at 2026-01-25 22:35:40 -0300
Processing by Api::V1::Auth::SessionsController#me as JSON
  Parameters: {"session"=>{}}
  [1m[36mUser Load (1.1ms)[0m  [1m[34mSELECT "users".* FROM "users" WHERE "users"."id" = '7ce9e54a-69e0-423b-b490-297d7e47be40' LIMIT 1 /*action='me',application='LinearClone',controller='sessions'*/[0m
  ↳ app/controllers/application_controller.rb:15:in `current_user'
  [1m[36mTeam Load (0.4ms)[0m  [1m[34mSELECT "teams".* FROM "teams" ORDER BY "teams"."name" ASC /*action='me',application='LinearClone',controller='sessions'*/[0m
  ↳ app/controllers/api/v1/auth/sessions_controller.rb:119:in `auth_response'
  [1m[36mProject Load (0.8ms)[0m  [1m[34mSELECT "projects".* FROM "projects" WHERE "projects"."status" = 'active' ORDER BY "projects"."name" ASC /*action='me',application='LinearClone',controller='sessions'*/[0m
  ↳ app/controllers/api/v1/auth/sessions_controller.rb:120:in `auth_response'
Completed 200 OK in 7ms (Views: 0.1ms | ActiveRecord: 2.3ms (3 queries, 0 cached) | GC: 0.2ms)


Started GET "/api/v1/projects" for ::1 at 2026-01-25 22:35:40 -0300
Started GET "/api/v1/teams" for ::1 at 2026-01-25 22:35:40 -0300
Processing by Api::V1::ProjectsController#index as JSON
  Parameters: {"project"=>{}}
Processing by Api::V1::TeamsController#index as JSON
  Parameters: {"team"=>{}}
  [1m[36mUser Load (0.4ms)[0m  [1m[34mSELECT "users".* FROM "users" WHERE "users"."id" = '7ce9e54a-69e0-423b-b490-297d7e47be40' LIMIT 1 /*action='index',application='LinearClone',controller='projects'*/[0m
  ↳ app/controllers/application_controller.rb:15:in `current_user'
  [1m[36mProject Load (0.2ms)[0m  [1m[34mSELECT "projects".* FROM "projects" ORDER BY "projects"."name" ASC /*action='index',application='LinearClone',controller='projects'*/[0m
  ↳ app/controllers/api/v1/projects_controller.rb:17:in `index'
Completed 200 OK in 2ms (Views: 0.0ms | ActiveRecord: 0.6ms (2 queries, 0 cached) | GC: 0.3ms)


  [1m[36mUser Load (1.3ms)[0m  [1m[34mSELECT "users".* FROM "users" WHERE "users"."id" = '7ce9e54a-69e0-423b-b490-297d7e47be40' LIMIT 1 /*action='index',application='LinearClone',controller='teams'*/[0m
  ↳ app/controllers/application_controller.rb:15:in `current_user'
  [1m[36mTeam Load (0.2ms)[0m  [1m[34mSELECT "teams".* FROM "teams" ORDER BY "teams"."name" ASC /*action='index',application='LinearClone',controller='teams'*/[0m
  ↳ app/controllers/api/v1/teams_controller.rb:13:in `index'
  [1m[36mTeamMembership Load (2.6ms)[0m  [1m[34mSELECT "team_memberships".* FROM "team_memberships" WHERE "team_memberships"."team_id" IN ('9f31461f-5b5b-4c34-bacb-4729964f109d', '901d5d92-a0f2-43cc-a4aa-1e4f96506d1a') /*action='index',application='LinearClone',controller='teams'*/[0m
  ↳ app/controllers/api/v1/teams_controller.rb:13:in `index'
  [1m[36mUser Load (0.2ms)[0m  [1m[34mSELECT "users".* FROM "users" WHERE "users"."id" IN ('c433b2a6-7133-42b1-8587-74303cccfd10', '1ab5eed4-32b8-4bf9-bd99-a1b61b801301', 'ff0f5328-a27f-48a1-aec2-ba8e88725e01', '594f5079-166b-47d6-bc89-207c9e3a38dd') /*action='index',application='LinearClone',controller='teams'*/[0m
  ↳ app/controllers/api/v1/teams_controller.rb:13:in `index'
Completed 200 OK in 8ms (Views: 0.1ms | ActiveRecord: 4.4ms (4 queries, 0 cached) | GC: 1.0ms)


Started GET "/api/v1/teams" for ::1 at 2026-01-25 22:35:40 -0300
Started GET "/api/v1/projects" for ::1 at 2026-01-25 22:35:40 -0300
Processing by Api::V1::TeamsController#index as JSON
  Parameters: {"team"=>{}}
  [1m[36mUser Load (0.3ms)[0m  [1m[34mSELECT "users".* FROM "users" WHERE "users"."id" = '7ce9e54a-69e0-423b-b490-297d7e47be40' LIMIT 1 /*action='index',application='LinearClone',controller='teams'*/[0m
  ↳ app/controllers/application_controller.rb:15:in `current_user'
Processing by Api::V1::ProjectsController#index as JSON
  [1m[36mTeam Load (0.3ms)[0m  [1m[34mSELECT "teams".* FROM "teams" ORDER BY "teams"."name" ASC /*action='index',application='LinearClone',controller='teams'*/[0m
  Parameters: {"project"=>{}}
  ↳ app/controllers/api/v1/teams_controller.rb:13:in `index'
  [1m[36mUser Load (0.3ms)[0m  [1m[34mSELECT "users".* FROM "users" WHERE "users"."id" = '7ce9e54a-69e0-423b-b490-297d7e47be40' LIMIT 1 /*action='index',application='LinearClone',controller='projects'*/[0m
  ↳ app/controllers/application_controller.rb:15:in `current_user'
  [1m[36mTeamMembership Load (0.3ms)[0m  [1m[34mSELECT "team_memberships".* FROM "team_memberships" WHERE "team_memberships"."team_id" IN ('9f31461f-5b5b-4c34-bacb-4729964f109d', '901d5d92-a0f2-43cc-a4aa-1e4f96506d1a') /*action='index',application='LinearClone',controller='teams'*/[0m
  ↳ app/controllers/api/v1/teams_controller.rb:13:in `index'
  [1m[36mProject Load (0.7ms)[0m  [1m[34mSELECT "projects".* FROM "projects" ORDER BY "projects"."name" ASC /*action='index',application='LinearClone',controller='projects'*/[0m
  ↳ app/controllers/api/v1/projects_controller.rb:17:in `index'
Completed 200 OK in 2ms (Views: 0.1ms | ActiveRecord: 0.7ms (2 queries, 0 cached) | GC: 0.2ms)


  [1m[36mUser Load (0.4ms)[0m  [1m[34mSELECT "users".* FROM "users" WHERE "users"."id" IN ('c433b2a6-7133-42b1-8587-74303cccfd10', '1ab5eed4-32b8-4bf9-bd99-a1b61b801301', 'ff0f5328-a27f-48a1-aec2-ba8e88725e01', '594f5079-166b-47d6-bc89-207c9e3a38dd') /*action='index',application='LinearClone',controller='teams'*/[0m
  ↳ app/controllers/api/v1/teams_controller.rb:13:in `index'
Completed 200 OK in 5ms (Views: 0.0ms | ActiveRecord: 1.4ms (4 queries, 0 cached) | GC: 1.0ms)


Started POST "/api/v1/auth/magic-link" for ::1 at 2026-01-25 22:35:58 -0300
Processing by Api::V1::Auth::SessionsController#send_magic_link as */*
  Parameters: {"email"=>"[FILTERED]", "session"=>{"email"=>"[FILTERED]"}}
  [1m[36mUser Load (1.1ms)[0m  [1m[34mSELECT "users".* FROM "users" WHERE (LOWER(email) = 'test@fintoc.com') ORDER BY "users"."id" ASC LIMIT 1 /*action='send_magic_link',application='LinearClone',controller='sessions'*/[0m
  ↳ app/models/user.rb:36:in `find_by_email'
  [1m[36mUser Exists? (0.2ms)[0m  [1m[34mSELECT 1 AS one FROM "users" WHERE "users"."magic_link_token" = 'cChavJ4iuC2w-9o2a5IrV4TeHHnY6BgaXEmkLDPB3JI' LIMIT 1 /*action='send_magic_link',application='LinearClone',controller='sessions'*/[0m
  ↳ app/models/user.rb:43:in `block in generate_magic_link_token!'
  [1m[36mTRANSACTION (0.1ms)[0m  [1m[35mBEGIN /*action='send_magic_link',application='LinearClone',controller='sessions'*/[0m
  ↳ app/models/user.rb:46:in `generate_magic_link_token!'
  [1m[36mUser Exists? (0.6ms)[0m  [1m[34mSELECT 1 AS one FROM "users" WHERE LOWER("users"."email") = LOWER('test@fintoc.com') AND "users"."id" != '7ce9e54a-69e0-423b-b490-297d7e47be40' LIMIT 1 /*action='send_magic_link',application='LinearClone',controller='sessions'*/[0m
  ↳ app/models/user.rb:46:in `generate_magic_link_token!'
  [1m[36mUser Update (0.3ms)[0m  [1m[33mUPDATE "users" SET "updated_at" = '2026-01-26 01:35:58.200622', "magic_link_token" = 'cChavJ4iuC2w-9o2a5IrV4TeHHnY6BgaXEmkLDPB3JI', "magic_link_sent_at" = '2026-01-26 01:35:58.199497' WHERE "users"."id" = '7ce9e54a-69e0-423b-b490-297d7e47be40' /*action='send_magic_link',application='LinearClone',controller='sessions'*/[0m
  ↳ app/models/user.rb:46:in `generate_magic_link_token!'
  [1m[36mTRANSACTION (0.8ms)[0m  [1m[35mCOMMIT /*action='send_magic_link',application='LinearClone',controller='sessions'*/[0m
  ↳ app/models/user.rb:46:in `generate_magic_link_token!'
[ActiveJob] Enqueued ActionMailer::MailDeliveryJob (Job ID: 031c3b8f-4df8-4ed9-945c-7dc608c7145a) to Sidekiq(default) with arguments: "MagicLinkMailer", "magic_link_email", "deliver_now", {:args=>[#<GlobalID:0x00000001135184e8 @uri=#<URI::GID gid://linear-clone/User/7ce9e54a-69e0-423b-b490-297d7e47be40>>, "cChavJ4iuC2w-9o2a5IrV4TeHHnY6BgaXEmkLDPB3JI"]}
[ActiveJob] ↳ app/controllers/api/v1/auth/sessions_controller.rb:41:in `send_magic_link'
Completed 200 OK in 6ms (Views: 0.1ms | ActiveRecord: 3.1ms (4 queries, 0 cached) | GC: 0.2ms)


Started POST "/api/v1/issues" for ::1 at 2026-01-25 22:35:58 -0300
Processing by Api::V1::IssuesController#create as */*
  Parameters: {"team_id"=>"9f31461f-5b5b-4c34-bacb-4729964f109d", "title"=>"Test issue from API", "issue"=>{"team_id"=>"9f31461f-5b5b-4c34-bacb-4729964f109d", "title"=>"Test issue from API"}}
Filter chain halted as :authenticate_user! rendered or redirected
Completed 401 Unauthorized in 0ms (Views: 0.0ms | ActiveRecord: 1.2ms (0 queries, 0 cached) | GC: 0.0ms)


  [1m[36mUser Load (1.0ms)[0m  [1m[34mSELECT "users".* FROM "users" WHERE "users"."email" = 'test@fintoc.com' LIMIT 1 /*application='LinearClone'*/[0m
  [1m[36mTeam Load (0.7ms)[0m  [1m[34mSELECT "teams".* FROM "teams" ORDER BY "teams"."id" ASC LIMIT 1 /*application='LinearClone'*/[0m
  [1m[36mTRANSACTION (0.1ms)[0m  [1m[35mBEGIN /*application='LinearClone'*/[0m
  ↳ app/models/team.rb:23:in `next_issue_number!'
  [1m[36mTeam Load (3.1ms)[0m  [1m[37mSELECT "teams".* FROM "teams" WHERE "teams"."id" = '901d5d92-a0f2-43cc-a4aa-1e4f96506d1a' LIMIT 1 FOR UPDATE /*application='LinearClone'*/[0m
  ↳ app/models/team.rb:23:in `next_issue_number!'
  [1m[36mTeam Update (0.2ms)[0m  [1m[33mUPDATE "teams" SET "issue_counter" = 1 WHERE "teams"."id" = '901d5d92-a0f2-43cc-a4aa-1e4f96506d1a' /*application='LinearClone'*/[0m
  ↳ app/models/team.rb:24:in `block in next_issue_number!'
  [1m[36mIssue Exists? (4.1ms)[0m  [1m[34mSELECT 1 AS one FROM "issues" WHERE "issues"."identifier" = 'ENG-1' LIMIT 1 /*application='LinearClone'*/[0m
  [1m[36mIssue Exists? (0.3ms)[0m  [1m[34mSELECT 1 AS one FROM "issues" WHERE "issues"."number" = 1 AND "issues"."team_id" = '901d5d92-a0f2-43cc-a4aa-1e4f96506d1a' LIMIT 1 /*application='LinearClone'*/[0m
  [1m[36mIssue Create (2.1ms)[0m  [1m[32mINSERT INTO "issues" ("team_id", "creator_id", "assignee_id", "project_id", "parent_id", "identifier", "number", "title", "description", "description_html", "status", "priority", "due_date", "estimate", "sort_order", "started_at", "completed_at", "canceled_at", "archived_at", "search_vector", "created_at", "updated_at") VALUES ('901d5d92-a0f2-43cc-a4aa-1e4f96506d1a', '7ce9e54a-69e0-423b-b490-297d7e47be40', NULL, NULL, NULL, 'ENG-1', 1, 'Test issue from rails runner', NULL, NULL, 'backlog', 0, NULL, NULL, 0, NULL, NULL, NULL, NULL, NULL, '2026-01-26 01:36:05.975819', '2026-01-26 01:36:05.975819') RETURNING "id" /*application='LinearClone'*/[0m
  [1m[36mIssueActivity Create (2.6ms)[0m  [1m[32mINSERT INTO "issue_activities" ("issue_id", "user_id", "action", "field", "old_value", "new_value", "created_at", "updated_at") VALUES ('36cce98d-0659-463f-88cc-6aadd7cd8dd7', '7ce9e54a-69e0-423b-b490-297d7e47be40', 'created', NULL, NULL, NULL, '2026-01-26 01:36:05.984802', '2026-01-26 01:36:05.984802') RETURNING "id" /*application='LinearClone'*/[0m
  ↳ app/models/issue.rb:96:in `record_created_activity'
  [1m[36mTRANSACTION (0.6ms)[0m  [1m[35mCOMMIT /*application='LinearClone'*/[0m
  [1m[36mIssue Count (0.2ms)[0m  [1m[34mSELECT COUNT(*) FROM "issues" /*application='LinearClone'*/[0m
Started GET "/api/v1/auth/me" for ::1 at 2026-01-25 22:36:12 -0300
Processing by Api::V1::Auth::SessionsController#me as JSON
  Parameters: {"session"=>{}}
  [1m[36mUser Load (0.8ms)[0m  [1m[34mSELECT "users".* FROM "users" WHERE "users"."id" = '7ce9e54a-69e0-423b-b490-297d7e47be40' LIMIT 1 /*action='me',application='LinearClone',controller='sessions'*/[0m
  ↳ app/controllers/application_controller.rb:15:in `current_user'
  [1m[36mTeam Load (0.5ms)[0m  [1m[34mSELECT "teams".* FROM "teams" ORDER BY "teams"."name" ASC /*action='me',application='LinearClone',controller='sessions'*/[0m
  ↳ app/controllers/api/v1/auth/sessions_controller.rb:119:in `auth_response'
  [1m[36mProject Load (0.4ms)[0m  [1m[34mSELECT "projects".* FROM "projects" WHERE "projects"."status" = 'active' ORDER BY "projects"."name" ASC /*action='me',application='LinearClone',controller='sessions'*/[0m
  ↳ app/controllers/api/v1/auth/sessions_controller.rb:120:in `auth_response'
Completed 200 OK in 4ms (Views: 0.1ms | ActiveRecord: 1.6ms (3 queries, 0 cached) | GC: 0.0ms)


Started GET "/api/v1/teams" for ::1 at 2026-01-25 22:36:12 -0300
Started GET "/api/v1/projects" for ::1 at 2026-01-25 22:36:12 -0300
Processing by Api::V1::ProjectsController#index as JSON
  Parameters: {"project"=>{}}
Processing by Api::V1::TeamsController#index as JSON
  Parameters: {"team"=>{}}
  [1m[36mUser Load (0.5ms)[0m  [1m[34mSELECT "users".* FROM "users" WHERE "users"."id" = '7ce9e54a-69e0-423b-b490-297d7e47be40' LIMIT 1 /*action='index',application='LinearClone',controller='projects'*/[0m
  ↳ app/controllers/application_controller.rb:15:in `current_user'
  [1m[36mUser Load (0.5ms)[0m  [1m[34mSELECT "users".* FROM "users" WHERE "users"."id" = '7ce9e54a-69e0-423b-b490-297d7e47be40' LIMIT 1 /*action='index',application='LinearClone',controller='teams'*/[0m
  ↳ app/controllers/application_controller.rb:15:in `current_user'
  [1m[36mProject Load (0.3ms)[0m  [1m[34mSELECT "projects".* FROM "projects" ORDER BY "projects"."name" ASC /*action='index',application='LinearClone',controller='projects'*/[0m
  ↳ app/controllers/api/v1/projects_controller.rb:17:in `index'
  [1m[36mTeam Load (0.2ms)[0m  [1m[34mSELECT "teams".* FROM "teams" ORDER BY "teams"."name" ASC /*action='index',application='LinearClone',controller='teams'*/[0m
Completed 200 OK in 2ms (Views: 0.0ms | ActiveRecord: 0.8ms (2 queries, 0 cached) | GC: 0.4ms)


  ↳ app/controllers/api/v1/teams_controller.rb:13:in `index'
  [1m[36mTeamMembership Load (0.3ms)[0m  [1m[34mSELECT "team_memberships".* FROM "team_memberships" WHERE "team_memberships"."team_id" IN ('9f31461f-5b5b-4c34-bacb-4729964f109d', '901d5d92-a0f2-43cc-a4aa-1e4f96506d1a') /*action='index',application='LinearClone',controller='teams'*/[0m
  ↳ app/controllers/api/v1/teams_controller.rb:13:in `index'
  [1m[36mUser Load (0.1ms)[0m  [1m[34mSELECT "users".* FROM "users" WHERE "users"."id" IN ('c433b2a6-7133-42b1-8587-74303cccfd10', '1ab5eed4-32b8-4bf9-bd99-a1b61b801301', 'ff0f5328-a27f-48a1-aec2-ba8e88725e01', '594f5079-166b-47d6-bc89-207c9e3a38dd') /*action='index',application='LinearClone',controller='teams'*/[0m
  ↳ app/controllers/api/v1/teams_controller.rb:13:in `index'
Completed 200 OK in 4ms (Views: 0.0ms | ActiveRecord: 1.2ms (4 queries, 0 cached) | GC: 0.7ms)


Started GET "/api/v1/teams" for ::1 at 2026-01-25 22:36:12 -0300
Processing by Api::V1::TeamsController#index as JSON
  Parameters: {"team"=>{}}
  [1m[36mUser Load (0.2ms)[0m  [1m[34mSELECT "users".* FROM "users" WHERE "users"."id" = '7ce9e54a-69e0-423b-b490-297d7e47be40' LIMIT 1 /*action='index',application='LinearClone',controller='teams'*/[0m
  ↳ app/controllers/application_controller.rb:15:in `current_user'
  [1m[36mTeam Load (0.2ms)[0m  [1m[34mSELECT "teams".* FROM "teams" ORDER BY "teams"."name" ASC /*action='index',application='LinearClone',controller='teams'*/[0m
  ↳ app/controllers/api/v1/teams_controller.rb:13:in `index'
  [1m[36mTeamMembership Load (0.2ms)[0m  [1m[34mSELECT "team_memberships".* FROM "team_memberships" WHERE "team_memberships"."team_id" IN ('9f31461f-5b5b-4c34-bacb-4729964f109d', '901d5d92-a0f2-43cc-a4aa-1e4f96506d1a') /*action='index',application='LinearClone',controller='teams'*/[0m
  ↳ app/controllers/api/v1/teams_controller.rb:13:in `index'
  [1m[36mUser Load (0.1ms)[0m  [1m[34mSELECT "users".* FROM "users" WHERE "users"."id" IN ('c433b2a6-7133-42b1-8587-74303cccfd10', '1ab5eed4-32b8-4bf9-bd99-a1b61b801301', 'ff0f5328-a27f-48a1-aec2-ba8e88725e01', '594f5079-166b-47d6-bc89-207c9e3a38dd') /*action='index',application='LinearClone',controller='teams'*/[0m
  ↳ app/controllers/api/v1/teams_controller.rb:13:in `index'
Completed 200 OK in 3ms (Views: 0.1ms | ActiveRecord: 0.8ms (4 queries, 0 cached) | GC: 0.2ms)


Started GET "/api/v1/issues?team_id=901d5d92-a0f2-43cc-a4aa-1e4f96506d1a&sort=created_at&direction=desc" for ::1 at 2026-01-25 22:36:12 -0300
Started GET "/api/v1/projects" for ::1 at 2026-01-25 22:36:12 -0300
Processing by Api::V1::IssuesController#index as JSON
  Parameters: {"team_id"=>"901d5d92-a0f2-43cc-a4aa-1e4f96506d1a", "sort"=>"created_at", "direction"=>"desc", "issue"=>{}}
Processing by Api::V1::ProjectsController#index as JSON
  Parameters: {"project"=>{}}
  [1m[36mUser Load (0.4ms)[0m  [1m[34mSELECT "users".* FROM "users" WHERE "users"."id" = '7ce9e54a-69e0-423b-b490-297d7e47be40' LIMIT 1 /*action='index',application='LinearClone',controller='issues'*/[0m
  ↳ app/controllers/application_controller.rb:15:in `current_user'
  [1m[36mUser Load (0.8ms)[0m  [1m[34mSELECT "users".* FROM "users" WHERE "users"."id" = '7ce9e54a-69e0-423b-b490-297d7e47be40' LIMIT 1 /*action='index',application='LinearClone',controller='projects'*/[0m
  ↳ app/controllers/application_controller.rb:15:in `current_user'
  [1m[36mProject Load (0.1ms)[0m  [1m[34mSELECT "projects".* FROM "projects" ORDER BY "projects"."name" ASC /*action='index',application='LinearClone',controller='projects'*/[0m
  ↳ app/controllers/api/v1/projects_controller.rb:17:in `index'
Completed 200 OK in 3ms (Views: 0.0ms | ActiveRecord: 0.9ms (2 queries, 0 cached) | GC: 0.1ms)


  [1m[36mIssue Load (1.8ms)[0m  [1m[34mSELECT "issues".* FROM "issues" WHERE "issues"."team_id" = '901d5d92-a0f2-43cc-a4aa-1e4f96506d1a' ORDER BY "issues"."created_at" DESC /*action='index',application='LinearClone',controller='issues'*/[0m
  ↳ app/controllers/api/v1/issues_controller.rb:49:in `index'
  [1m[36mUser Load (0.2ms)[0m  [1m[34mSELECT "users".* FROM "users" WHERE "users"."id" = '7ce9e54a-69e0-423b-b490-297d7e47be40' /*action='index',application='LinearClone',controller='issues'*/[0m
  ↳ app/controllers/api/v1/issues_controller.rb:49:in `index'
  [1m[36mTeam Load (0.1ms)[0m  [1m[34mSELECT "teams".* FROM "teams" WHERE "teams"."id" = '901d5d92-a0f2-43cc-a4aa-1e4f96506d1a' /*action='index',application='LinearClone',controller='issues'*/[0m
  ↳ app/controllers/api/v1/issues_controller.rb:49:in `index'
  [1m[36mIssueLabel Load (1.1ms)[0m  [1m[34mSELECT "issue_labels".* FROM "issue_labels" WHERE "issue_labels"."issue_id" = '36cce98d-0659-463f-88cc-6aadd7cd8dd7' /*action='index',application='LinearClone',controller='issues'*/[0m
  ↳ app/controllers/api/v1/issues_controller.rb:49:in `index'
Completed 500 Internal Server Error in 19ms (ActiveRecord: 8.1ms (5 queries, 0 cached) | GC: 0.8ms)


  
NoMethodError (undefined method `workspace_id' for #<Issue id: "36cce98d-0659-463f-88cc-6aadd7cd8dd7", team_id: "901d5d92-a0f2-43cc-a4aa-1e4f96506d1a", creator_id: "7ce9e54a-69e0-423b-b490-297d7e47be40", assignee_id: nil, project_id: nil, parent_id: nil, identifier: "ENG-1", number: 1, title: "Test issue from rails runner", description: nil, description_html: nil, status: "backlog", priority: 0, due_date: nil, estimate: nil, sort_order: 0, started_at: nil, completed_at: nil, canceled_at: nil, archived_at: nil, search_vector: nil, created_at: "2026-01-26 01:36:05.975819000 +0000", updated_at: "2026-01-26 01:36:05.975819000 +0000">):
  
app/serializers/issue_serializer.rb:11:in `block in <class:IssueSerializer>'
app/controllers/api/v1/issues_controller.rb:49:in `index'
Started GET "/api/v1/issues?team_id=901d5d92-a0f2-43cc-a4aa-1e4f96506d1a&status=backlog" for ::1 at 2026-01-25 22:36:32 -0300
Processing by Api::V1::IssuesController#index as JSON
  Parameters: {"team_id"=>"901d5d92-a0f2-43cc-a4aa-1e4f96506d1a", "status"=>"backlog", "issue"=>{}}
  [1m[36mUser Load (1.1ms)[0m  [1m[34mSELECT "users".* FROM "users" WHERE "users"."id" = '7ce9e54a-69e0-423b-b490-297d7e47be40' LIMIT 1 /*action='index',application='LinearClone',controller='issues'*/[0m
  ↳ app/controllers/application_controller.rb:15:in `current_user'
  [1m[36mIssue Load (0.8ms)[0m  [1m[34mSELECT "issues".* FROM "issues" WHERE "issues"."team_id" = '901d5d92-a0f2-43cc-a4aa-1e4f96506d1a' AND "issues"."status" = 'backlog' ORDER BY "issues"."sort_order" ASC, "issues"."created_at" DESC /*action='index',application='LinearClone',controller='issues'*/[0m
  ↳ app/controllers/api/v1/issues_controller.rb:49:in `index'
  [1m[36mUser Load (0.2ms)[0m  [1m[34mSELECT "users".* FROM "users" WHERE "users"."id" = '7ce9e54a-69e0-423b-b490-297d7e47be40' /*action='index',application='LinearClone',controller='issues'*/[0m
  ↳ app/controllers/api/v1/issues_controller.rb:49:in `index'
  [1m[36mTeam Load (0.2ms)[0m  [1m[34mSELECT "teams".* FROM "teams" WHERE "teams"."id" = '901d5d92-a0f2-43cc-a4aa-1e4f96506d1a' /*action='index',application='LinearClone',controller='issues'*/[0m
  ↳ app/controllers/api/v1/issues_controller.rb:49:in `index'
  [1m[36mIssueLabel Load (0.3ms)[0m  [1m[34mSELECT "issue_labels".* FROM "issue_labels" WHERE "issue_labels"."issue_id" = '36cce98d-0659-463f-88cc-6aadd7cd8dd7' /*action='index',application='LinearClone',controller='issues'*/[0m
  ↳ app/controllers/api/v1/issues_controller.rb:49:in `index'
Completed 500 Internal Server Error in 10ms (ActiveRecord: 2.6ms (5 queries, 0 cached) | GC: 0.9ms)


  
NoMethodError (undefined method `workspace_id' for #<Issue id: "36cce98d-0659-463f-88cc-6aadd7cd8dd7", team_id: "901d5d92-a0f2-43cc-a4aa-1e4f96506d1a", creator_id: "7ce9e54a-69e0-423b-b490-297d7e47be40", assignee_id: nil, project_id: nil, parent_id: nil, identifier: "ENG-1", number: 1, title: "Test issue from rails runner", description: nil, description_html: nil, status: "backlog", priority: 0, due_date: nil, estimate: nil, sort_order: 0, started_at: nil, completed_at: nil, canceled_at: nil, archived_at: nil, search_vector: nil, created_at: "2026-01-26 01:36:05.975819000 +0000", updated_at: "2026-01-26 01:36:05.975819000 +0000">):
  
app/serializers/issue_serializer.rb:11:in `block in <class:IssueSerializer>'
app/controllers/api/v1/issues_controller.rb:49:in `index'
  [1m[36mIssue Load (2.3ms)[0m  [1m[34mSELECT "issues".* FROM "issues" ORDER BY "issues"."id" ASC LIMIT 1 /*application='LinearClone'*/[0m
  [1m[36mTeam Load (0.7ms)[0m  [1m[34mSELECT "teams".* FROM "teams" WHERE "teams"."id" = '901d5d92-a0f2-43cc-a4aa-1e4f96506d1a' LIMIT 1 /*application='LinearClone'*/[0m
Started GET "/api/v1/issues" for ::1 at 2026-01-25 22:36:54 -0300
Processing by Api::V1::IssuesController#index as */*
Filter chain halted as :authenticate_user! rendered or redirected
Completed 401 Unauthorized in 0ms (Views: 0.1ms | ActiveRecord: 0.0ms (0 queries, 0 cached) | GC: 0.0ms)


Started GET "/api/v1/auth/me" for ::1 at 2026-01-25 22:36:59 -0300
Processing by Api::V1::Auth::SessionsController#me as JSON
  Parameters: {"session"=>{}}
  [1m[36mUser Load (0.6ms)[0m  [1m[34mSELECT "users".* FROM "users" WHERE "users"."id" = '7ce9e54a-69e0-423b-b490-297d7e47be40' LIMIT 1 /*action='me',application='LinearClone',controller='sessions'*/[0m
  ↳ app/controllers/application_controller.rb:15:in `current_user'
  [1m[36mTeam Load (0.2ms)[0m  [1m[34mSELECT "teams".* FROM "teams" ORDER BY "teams"."name" ASC /*action='me',application='LinearClone',controller='sessions'*/[0m
  ↳ app/controllers/api/v1/auth/sessions_controller.rb:119:in `auth_response'
  [1m[36mProject Load (0.2ms)[0m  [1m[34mSELECT "projects".* FROM "projects" WHERE "projects"."status" = 'active' ORDER BY "projects"."name" ASC /*action='me',application='LinearClone',controller='sessions'*/[0m
  ↳ app/controllers/api/v1/auth/sessions_controller.rb:120:in `auth_response'
Completed 200 OK in 3ms (Views: 0.1ms | ActiveRecord: 1.1ms (3 queries, 0 cached) | GC: 0.2ms)


Started GET "/api/v1/teams" for ::1 at 2026-01-25 22:36:59 -0300
Started GET "/api/v1/projects" for ::1 at 2026-01-25 22:36:59 -0300
Processing by Api::V1::TeamsController#index as JSON
Processing by Api::V1::ProjectsController#index as JSON
  Parameters: {"team"=>{}}
  Parameters: {"project"=>{}}
  [1m[36mUser Load (0.5ms)[0m  [1m[34mSELECT "users".* FROM "users" WHERE "users"."id" = '7ce9e54a-69e0-423b-b490-297d7e47be40' LIMIT 1 /*action='index',application='LinearClone',controller='teams'*/[0m
  ↳ app/controllers/application_controller.rb:15:in `current_user'
  [1m[36mTeam Load (0.2ms)[0m  [1m[34mSELECT "teams".* FROM "teams" ORDER BY "teams"."name" ASC /*action='index',application='LinearClone',controller='teams'*/[0m
  ↳ app/controllers/api/v1/teams_controller.rb:13:in `index'
  [1m[36mUser Load (1.7ms)[0m  [1m[34mSELECT "users".* FROM "users" WHERE "users"."id" = '7ce9e54a-69e0-423b-b490-297d7e47be40' LIMIT 1 /*action='index',application='LinearClone',controller='projects'*/[0m
  ↳ app/controllers/application_controller.rb:15:in `current_user'
  [1m[36mTeamMembership Load (0.4ms)[0m  [1m[34mSELECT "team_memberships".* FROM "team_memberships" WHERE "team_memberships"."team_id" IN ('9f31461f-5b5b-4c34-bacb-4729964f109d', '901d5d92-a0f2-43cc-a4aa-1e4f96506d1a') /*action='index',application='LinearClone',controller='teams'*/[0m
  ↳ app/controllers/api/v1/teams_controller.rb:13:in `index'
  [1m[36mProject Load (0.3ms)[0m  [1m[34mSELECT "projects".* FROM "projects" ORDER BY "projects"."name" ASC /*action='index',application='LinearClone',controller='projects'*/[0m
  ↳ app/controllers/api/v1/projects_controller.rb:17:in `index'
  [1m[36mUser Load (0.2ms)[0m  [1m[34mSELECT "users".* FROM "users" WHERE "users"."id" IN ('c433b2a6-7133-42b1-8587-74303cccfd10', '1ab5eed4-32b8-4bf9-bd99-a1b61b801301', 'ff0f5328-a27f-48a1-aec2-ba8e88725e01', '594f5079-166b-47d6-bc89-207c9e3a38dd') /*action='index',application='LinearClone',controller='teams'*/[0m
Completed 200 OK in 3ms (Views: 0.1ms | ActiveRecord: 1.9ms (2 queries, 0 cached) | GC: 0.1ms)


  ↳ app/controllers/api/v1/teams_controller.rb:13:in `index'
Completed 200 OK in 4ms (Views: 0.0ms | ActiveRecord: 1.3ms (4 queries, 0 cached) | GC: 0.1ms)


Started GET "/api/v1/teams" for ::1 at 2026-01-25 22:36:59 -0300
Processing by Api::V1::TeamsController#index as JSON
  Parameters: {"team"=>{}}
Started GET "/api/v1/issues?team_id=901d5d92-a0f2-43cc-a4aa-1e4f96506d1a&status=backlog" for ::1 at 2026-01-25 22:36:59 -0300
  [1m[36mUser Load (0.5ms)[0m  [1m[34mSELECT "users".* FROM "users" WHERE "users"."id" = '7ce9e54a-69e0-423b-b490-297d7e47be40' LIMIT 1 /*action='index',application='LinearClone',controller='teams'*/[0m
  ↳ app/controllers/application_controller.rb:15:in `current_user'
Started GET "/api/v1/projects" for ::1 at 2026-01-25 22:36:59 -0300
  [1m[36mTeam Load (0.4ms)[0m  [1m[34mSELECT "teams".* FROM "teams" ORDER BY "teams"."name" ASC /*action='index',application='LinearClone',controller='teams'*/[0m
  ↳ app/controllers/api/v1/teams_controller.rb:13:in `index'
  [1m[36mTeamMembership Load (0.2ms)[0m  [1m[34mSELECT "team_memberships".* FROM "team_memberships" WHERE "team_memberships"."team_id" IN ('9f31461f-5b5b-4c34-bacb-4729964f109d', '901d5d92-a0f2-43cc-a4aa-1e4f96506d1a') /*action='index',application='LinearClone',controller='teams'*/[0m
  ↳ app/controllers/api/v1/teams_controller.rb:13:in `index'
  [1m[36mUser Load (0.2ms)[0m  [1m[34mSELECT "users".* FROM "users" WHERE "users"."id" IN ('c433b2a6-7133-42b1-8587-74303cccfd10', '1ab5eed4-32b8-4bf9-bd99-a1b61b801301', 'ff0f5328-a27f-48a1-aec2-ba8e88725e01', '594f5079-166b-47d6-bc89-207c9e3a38dd') /*action='index',application='LinearClone',controller='teams'*/[0m
  ↳ app/controllers/api/v1/teams_controller.rb:13:in `index'
Completed 200 OK in 4ms (Views: 0.1ms | ActiveRecord: 1.2ms (4 queries, 0 cached) | GC: 0.0ms)


Processing by Api::V1::IssuesController#index as JSON
  Parameters: {"team_id"=>"901d5d92-a0f2-43cc-a4aa-1e4f96506d1a", "status"=>"backlog", "issue"=>{}}
Processing by Api::V1::ProjectsController#index as JSON
  Parameters: {"project"=>{}}
  [1m[36mUser Load (0.4ms)[0m  [1m[34mSELECT "users".* FROM "users" WHERE "users"."id" = '7ce9e54a-69e0-423b-b490-297d7e47be40' LIMIT 1 /*action='index',application='LinearClone',controller='issues'*/[0m
  ↳ app/controllers/application_controller.rb:15:in `current_user'
  [1m[36mUser Load (0.2ms)[0m  [1m[34mSELECT "users".* FROM "users" WHERE "users"."id" = '7ce9e54a-69e0-423b-b490-297d7e47be40' LIMIT 1 /*action='index',application='LinearClone',controller='projects'*/[0m
  ↳ app/controllers/application_controller.rb:15:in `current_user'
  [1m[36mProject Load (0.2ms)[0m  [1m[34mSELECT "projects".* FROM "projects" ORDER BY "projects"."name" ASC /*action='index',application='LinearClone',controller='projects'*/[0m
  ↳ app/controllers/api/v1/projects_controller.rb:17:in `index'
  [1m[36mIssue Load (0.6ms)[0m  [1m[34mSELECT "issues".* FROM "issues" WHERE "issues"."team_id" = '901d5d92-a0f2-43cc-a4aa-1e4f96506d1a' AND "issues"."status" = 'backlog' ORDER BY "issues"."sort_order" ASC, "issues"."created_at" DESC /*action='index',application='LinearClone',controller='issues'*/[0m
Completed 200 OK in 2ms (Views: 0.0ms | ActiveRecord: 0.4ms (2 queries, 0 cached) | GC: 0.0ms)


  ↳ app/controllers/api/v1/issues_controller.rb:49:in `index'
  [1m[36mUser Load (0.2ms)[0m  [1m[34mSELECT "users".* FROM "users" WHERE "users"."id" = '7ce9e54a-69e0-423b-b490-297d7e47be40' /*action='index',application='LinearClone',controller='issues'*/[0m
  ↳ app/controllers/api/v1/issues_controller.rb:49:in `index'
  [1m[36mTeam Load (0.1ms)[0m  [1m[34mSELECT "teams".* FROM "teams" WHERE "teams"."id" = '901d5d92-a0f2-43cc-a4aa-1e4f96506d1a' /*action='index',application='LinearClone',controller='issues'*/[0m
  ↳ app/controllers/api/v1/issues_controller.rb:49:in `index'
  [1m[36mIssueLabel Load (0.1ms)[0m  [1m[34mSELECT "issue_labels".* FROM "issue_labels" WHERE "issue_labels"."issue_id" = '36cce98d-0659-463f-88cc-6aadd7cd8dd7' /*action='index',application='LinearClone',controller='issues'*/[0m
  ↳ app/controllers/api/v1/issues_controller.rb:49:in `index'
Completed 500 Internal Server Error in 5ms (ActiveRecord: 1.4ms (5 queries, 0 cached) | GC: 0.0ms)


  
NoMethodError (undefined method `workspace_id' for #<Issue id: "36cce98d-0659-463f-88cc-6aadd7cd8dd7", team_id: "901d5d92-a0f2-43cc-a4aa-1e4f96506d1a", creator_id: "7ce9e54a-69e0-423b-b490-297d7e47be40", assignee_id: nil, project_id: nil, parent_id: nil, identifier: "ENG-1", number: 1, title: "Test issue from rails runner", description: nil, description_html: nil, status: "backlog", priority: 0, due_date: nil, estimate: nil, sort_order: 0, started_at: nil, completed_at: nil, canceled_at: nil, archived_at: nil, search_vector: nil, created_at: "2026-01-26 01:36:05.975819000 +0000", updated_at: "2026-01-26 01:36:05.975819000 +0000">):
  
app/serializers/issue_serializer.rb:11:in `block in <class:IssueSerializer>'
app/controllers/api/v1/issues_controller.rb:49:in `index'
  [1m[36mIssue Load (1.3ms)[0m  [1m[34mSELECT "issues".* FROM "issues" ORDER BY "issues"."id" ASC LIMIT 1 /*application='LinearClone'*/[0m
  [1m[36mTeam Load (0.6ms)[0m  [1m[34mSELECT "teams".* FROM "teams" WHERE "teams"."id" = '901d5d92-a0f2-43cc-a4aa-1e4f96506d1a' LIMIT 1 /*application='LinearClone'*/[0m
Started GET "/api/v1/auth/me" for ::1 at 2026-01-25 22:39:50 -0300
Processing by Api::V1::Auth::SessionsController#me as JSON
  Parameters: {"session"=>{}}
  [1m[36mUser Load (0.3ms)[0m  [1m[34mSELECT "users".* FROM "users" WHERE "users"."id" = '7ce9e54a-69e0-423b-b490-297d7e47be40' LIMIT 1 /*action='me',application='LinearClone',controller='sessions'*/[0m
  ↳ app/controllers/application_controller.rb:15:in `current_user'
  [1m[36mTeam Load (0.1ms)[0m  [1m[34mSELECT "teams".* FROM "teams" ORDER BY "teams"."name" ASC /*action='me',application='LinearClone',controller='sessions'*/[0m
  ↳ app/controllers/api/v1/auth/sessions_controller.rb:119:in `auth_response'
  [1m[36mProject Load (0.1ms)[0m  [1m[34mSELECT "projects".* FROM "projects" WHERE "projects"."status" = 'active' ORDER BY "projects"."name" ASC /*action='me',application='LinearClone',controller='sessions'*/[0m
  ↳ app/controllers/api/v1/auth/sessions_controller.rb:120:in `auth_response'
Completed 200 OK in 24ms (Views: 0.1ms | ActiveRecord: 14.8ms (3 queries, 0 cached) | GC: 0.2ms)


Started GET "/api/v1/teams" for ::1 at 2026-01-25 22:39:50 -0300
Started GET "/api/v1/projects" for ::1 at 2026-01-25 22:39:50 -0300
Processing by Api::V1::TeamsController#index as JSON
  Parameters: {"team"=>{}}
Processing by Api::V1::ProjectsController#index as JSON
  [1m[36mUser Load (0.7ms)[0m  [1m[34mSELECT "users".* FROM "users" WHERE "users"."id" = '7ce9e54a-69e0-423b-b490-297d7e47be40' LIMIT 1 /*action='index',application='LinearClone',controller='teams'*/[0m
  Parameters: {"project"=>{}}
  ↳ app/controllers/application_controller.rb:15:in `current_user'
  [1m[36mTeam Load (0.2ms)[0m  [1m[34mSELECT "teams".* FROM "teams" ORDER BY "teams"."name" ASC /*action='index',application='LinearClone',controller='teams'*/[0m
  ↳ app/controllers/api/v1/teams_controller.rb:13:in `index'
  [1m[36mUser Load (1.1ms)[0m  [1m[34mSELECT "users".* FROM "users" WHERE "users"."id" = '7ce9e54a-69e0-423b-b490-297d7e47be40' LIMIT 1 /*action='index',application='LinearClone',controller='projects'*/[0m
  ↳ app/controllers/application_controller.rb:15:in `current_user'
  [1m[36mProject Load (0.2ms)[0m  [1m[34mSELECT "projects".* FROM "projects" ORDER BY "projects"."name" ASC /*action='index',application='LinearClone',controller='projects'*/[0m
  ↳ app/controllers/api/v1/projects_controller.rb:17:in `index'
Completed 200 OK in 3ms (Views: 0.0ms | ActiveRecord: 1.2ms (2 queries, 0 cached) | GC: 0.0ms)


  [1m[36mTeamMembership Load (0.2ms)[0m  [1m[34mSELECT "team_memberships".* FROM "team_memberships" WHERE "team_memberships"."team_id" IN ('9f31461f-5b5b-4c34-bacb-4729964f109d', '901d5d92-a0f2-43cc-a4aa-1e4f96506d1a') /*action='index',application='LinearClone',controller='teams'*/[0m
  ↳ app/controllers/api/v1/teams_controller.rb:13:in `index'
  [1m[36mUser Load (0.1ms)[0m  [1m[34mSELECT "users".* FROM "users" WHERE "users"."id" IN ('c433b2a6-7133-42b1-8587-74303cccfd10', '1ab5eed4-32b8-4bf9-bd99-a1b61b801301', 'ff0f5328-a27f-48a1-aec2-ba8e88725e01', '594f5079-166b-47d6-bc89-207c9e3a38dd') /*action='index',application='LinearClone',controller='teams'*/[0m
  ↳ app/controllers/api/v1/teams_controller.rb:13:in `index'
Completed 200 OK in 7ms (Views: 0.0ms | ActiveRecord: 2.8ms (4 queries, 0 cached) | GC: 0.0ms)


Started GET "/api/v1/teams" for ::1 at 2026-01-25 22:39:50 -0300
Started GET "/api/v1/issues?team_id=901d5d92-a0f2-43cc-a4aa-1e4f96506d1a&status=backlog" for ::1 at 2026-01-25 22:39:50 -0300
Started GET "/api/v1/projects" for ::1 at 2026-01-25 22:39:50 -0300
Processing by Api::V1::TeamsController#index as JSON
  Parameters: {"team"=>{}}
  [1m[36mUser Load (0.2ms)[0m  [1m[34mSELECT "users".* FROM "users" WHERE "users"."id" = '7ce9e54a-69e0-423b-b490-297d7e47be40' LIMIT 1 /*action='index',application='LinearClone',controller='teams'*/[0m
  ↳ app/controllers/application_controller.rb:15:in `current_user'
  [1m[36mTeam Load (0.1ms)[0m  [1m[34mSELECT "teams".* FROM "teams" ORDER BY "teams"."name" ASC /*action='index',application='LinearClone',controller='teams'*/[0m
  ↳ app/controllers/api/v1/teams_controller.rb:13:in `index'
  [1m[36mTeamMembership Load (0.2ms)[0m  [1m[34mSELECT "team_memberships".* FROM "team_memberships" WHERE "team_memberships"."team_id" IN ('9f31461f-5b5b-4c34-bacb-4729964f109d', '901d5d92-a0f2-43cc-a4aa-1e4f96506d1a') /*action='index',application='LinearClone',controller='teams'*/[0m
  ↳ app/controllers/api/v1/teams_controller.rb:13:in `index'
  [1m[36mUser Load (0.2ms)[0m  [1m[34mSELECT "users".* FROM "users" WHERE "users"."id" IN ('c433b2a6-7133-42b1-8587-74303cccfd10', '1ab5eed4-32b8-4bf9-bd99-a1b61b801301', 'ff0f5328-a27f-48a1-aec2-ba8e88725e01', '594f5079-166b-47d6-bc89-207c9e3a38dd') /*action='index',application='LinearClone',controller='teams'*/[0m
  ↳ app/controllers/api/v1/teams_controller.rb:13:in `index'
Completed 200 OK in 3ms (Views: 0.0ms | ActiveRecord: 0.6ms (4 queries, 0 cached) | GC: 0.0ms)


Processing by Api::V1::ProjectsController#index as JSON
  Parameters: {"project"=>{}}
  [1m[36mUser Load (2.6ms)[0m  [1m[34mSELECT "users".* FROM "users" WHERE "users"."id" = '7ce9e54a-69e0-423b-b490-297d7e47be40' LIMIT 1 /*action='index',application='LinearClone',controller='projects'*/[0m
  ↳ app/controllers/application_controller.rb:15:in `current_user'
  [1m[36mProject Load (0.1ms)[0m  [1m[34mSELECT "projects".* FROM "projects" ORDER BY "projects"."name" ASC /*action='index',application='LinearClone',controller='projects'*/[0m
  ↳ app/controllers/api/v1/projects_controller.rb:17:in `index'
Completed 200 OK in 4ms (Views: 0.0ms | ActiveRecord: 2.7ms (2 queries, 0 cached) | GC: 0.4ms)


Processing by Api::V1::IssuesController#index as JSON
  Parameters: {"team_id"=>"901d5d92-a0f2-43cc-a4aa-1e4f96506d1a", "status"=>"backlog", "issue"=>{}}
  [1m[36mUser Load (0.1ms)[0m  [1m[34mSELECT "users".* FROM "users" WHERE "users"."id" = '7ce9e54a-69e0-423b-b490-297d7e47be40' LIMIT 1 /*action='index',application='LinearClone',controller='issues'*/[0m
  ↳ app/controllers/application_controller.rb:15:in `current_user'
  [1m[36mIssue Load (2.2ms)[0m  [1m[34mSELECT "issues".* FROM "issues" WHERE "issues"."team_id" = '901d5d92-a0f2-43cc-a4aa-1e4f96506d1a' AND "issues"."status" = 'backlog' ORDER BY "issues"."sort_order" ASC, "issues"."created_at" DESC /*action='index',application='LinearClone',controller='issues'*/[0m
  ↳ app/controllers/api/v1/issues_controller.rb:49:in `index'
  [1m[36mUser Load (0.3ms)[0m  [1m[34mSELECT "users".* FROM "users" WHERE "users"."id" = '7ce9e54a-69e0-423b-b490-297d7e47be40' /*action='index',application='LinearClone',controller='issues'*/[0m
  ↳ app/controllers/api/v1/issues_controller.rb:49:in `index'
  [1m[36mTeam Load (0.1ms)[0m  [1m[34mSELECT "teams".* FROM "teams" WHERE "teams"."id" = '901d5d92-a0f2-43cc-a4aa-1e4f96506d1a' /*action='index',application='LinearClone',controller='issues'*/[0m
  ↳ app/controllers/api/v1/issues_controller.rb:49:in `index'
  [1m[36mIssueLabel Load (0.4ms)[0m  [1m[34mSELECT "issue_labels".* FROM "issue_labels" WHERE "issue_labels"."issue_id" = '36cce98d-0659-463f-88cc-6aadd7cd8dd7' /*action='index',application='LinearClone',controller='issues'*/[0m
  ↳ app/controllers/api/v1/issues_controller.rb:49:in `index'
Completed 200 OK in 13ms (Views: 0.0ms | ActiveRecord: 7.7ms (5 queries, 0 cached) | GC: 0.3ms)


Started GET "/api/v1/auth/me" for ::1 at 2026-01-25 22:40:17 -0300
Processing by Api::V1::Auth::SessionsController#me as JSON
  Parameters: {"session"=>{}}
  [1m[36mUser Load (0.6ms)[0m  [1m[34mSELECT "users".* FROM "users" WHERE "users"."id" = '7ce9e54a-69e0-423b-b490-297d7e47be40' LIMIT 1 /*action='me',application='LinearClone',controller='sessions'*/[0m
  ↳ app/controllers/application_controller.rb:15:in `current_user'
  [1m[36mTeam Load (0.3ms)[0m  [1m[34mSELECT "teams".* FROM "teams" ORDER BY "teams"."name" ASC /*action='me',application='LinearClone',controller='sessions'*/[0m
  ↳ app/controllers/api/v1/auth/sessions_controller.rb:119:in `auth_response'
  [1m[36mProject Load (0.2ms)[0m  [1m[34mSELECT "projects".* FROM "projects" WHERE "projects"."status" = 'active' ORDER BY "projects"."name" ASC /*action='me',application='LinearClone',controller='sessions'*/[0m
  ↳ app/controllers/api/v1/auth/sessions_controller.rb:120:in `auth_response'
Completed 200 OK in 3ms (Views: 0.1ms | ActiveRecord: 1.1ms (3 queries, 0 cached) | GC: 0.1ms)


Started GET "/api/v1/teams" for ::1 at 2026-01-25 22:40:17 -0300
Started GET "/api/v1/projects" for ::1 at 2026-01-25 22:40:17 -0300
Processing by Api::V1::ProjectsController#index as JSON
  Parameters: {"project"=>{}}
Processing by Api::V1::TeamsController#index as JSON
  Parameters: {"team"=>{}}
  [1m[36mUser Load (0.4ms)[0m  [1m[34mSELECT "users".* FROM "users" WHERE "users"."id" = '7ce9e54a-69e0-423b-b490-297d7e47be40' LIMIT 1 /*action='index',application='LinearClone',controller='projects'*/[0m
  ↳ app/controllers/application_controller.rb:15:in `current_user'
  [1m[36mUser Load (0.6ms)[0m  [1m[34mSELECT "users".* FROM "users" WHERE "users"."id" = '7ce9e54a-69e0-423b-b490-297d7e47be40' LIMIT 1 /*action='index',application='LinearClone',controller='teams'*/[0m
  ↳ app/controllers/application_controller.rb:15:in `current_user'
  [1m[36mProject Load (0.4ms)[0m  [1m[34mSELECT "projects".* FROM "projects" ORDER BY "projects"."name" ASC /*action='index',application='LinearClone',controller='projects'*/[0m
  ↳ app/controllers/api/v1/projects_controller.rb:17:in `index'
Completed 200 OK in 2ms (Views: 0.0ms | ActiveRecord: 0.7ms (2 queries, 0 cached) | GC: 0.1ms)


  [1m[36mTeam Load (0.4ms)[0m  [1m[34mSELECT "teams".* FROM "teams" ORDER BY "teams"."name" ASC /*action='index',application='LinearClone',controller='teams'*/[0m
  ↳ app/controllers/api/v1/teams_controller.rb:13:in `index'
  [1m[36mTeamMembership Load (0.2ms)[0m  [1m[34mSELECT "team_memberships".* FROM "team_memberships" WHERE "team_memberships"."team_id" IN ('9f31461f-5b5b-4c34-bacb-4729964f109d', '901d5d92-a0f2-43cc-a4aa-1e4f96506d1a') /*action='index',application='LinearClone',controller='teams'*/[0m
  ↳ app/controllers/api/v1/teams_controller.rb:13:in `index'
  [1m[36mUser Load (0.7ms)[0m  [1m[34mSELECT "users".* FROM "users" WHERE "users"."id" IN ('c433b2a6-7133-42b1-8587-74303cccfd10', '1ab5eed4-32b8-4bf9-bd99-a1b61b801301', 'ff0f5328-a27f-48a1-aec2-ba8e88725e01', '594f5079-166b-47d6-bc89-207c9e3a38dd') /*action='index',application='LinearClone',controller='teams'*/[0m
  ↳ app/controllers/api/v1/teams_controller.rb:13:in `index'
Completed 200 OK in 5ms (Views: 0.1ms | ActiveRecord: 1.9ms (4 queries, 0 cached) | GC: 0.1ms)


Started GET "/api/v1/teams" for ::1 at 2026-01-25 22:40:17 -0300
Started GET "/api/v1/issues?team_id=901d5d92-a0f2-43cc-a4aa-1e4f96506d1a&status=backlog" for ::1 at 2026-01-25 22:40:17 -0300
Started GET "/api/v1/projects" for ::1 at 2026-01-25 22:40:17 -0300
Processing by Api::V1::TeamsController#index as JSON
  Parameters: {"team"=>{}}
  [1m[36mUser Load (0.3ms)[0m  [1m[34mSELECT "users".* FROM "users" WHERE "users"."id" = '7ce9e54a-69e0-423b-b490-297d7e47be40' LIMIT 1 /*action='index',application='LinearClone',controller='teams'*/[0m
  ↳ app/controllers/application_controller.rb:15:in `current_user'
  [1m[36mTeam Load (0.3ms)[0m  [1m[34mSELECT "teams".* FROM "teams" ORDER BY "teams"."name" ASC /*action='index',application='LinearClone',controller='teams'*/[0m
  ↳ app/controllers/api/v1/teams_controller.rb:13:in `index'
  [1m[36mTeamMembership Load (0.2ms)[0m  [1m[34mSELECT "team_memberships".* FROM "team_memberships" WHERE "team_memberships"."team_id" IN ('9f31461f-5b5b-4c34-bacb-4729964f109d', '901d5d92-a0f2-43cc-a4aa-1e4f96506d1a') /*action='index',application='LinearClone',controller='teams'*/[0m
  ↳ app/controllers/api/v1/teams_controller.rb:13:in `index'
  [1m[36mUser Load (0.2ms)[0m  [1m[34mSELECT "users".* FROM "users" WHERE "users"."id" IN ('c433b2a6-7133-42b1-8587-74303cccfd10', '1ab5eed4-32b8-4bf9-bd99-a1b61b801301', 'ff0f5328-a27f-48a1-aec2-ba8e88725e01', '594f5079-166b-47d6-bc89-207c9e3a38dd') /*action='index',application='LinearClone',controller='teams'*/[0m
  ↳ app/controllers/api/v1/teams_controller.rb:13:in `index'
Completed 200 OK in 4ms (Views: 0.1ms | ActiveRecord: 1.0ms (4 queries, 0 cached) | GC: 0.1ms)


Processing by Api::V1::ProjectsController#index as JSON
  Parameters: {"project"=>{}}
Processing by Api::V1::IssuesController#index as JSON
  Parameters: {"team_id"=>"901d5d92-a0f2-43cc-a4aa-1e4f96506d1a", "status"=>"backlog", "issue"=>{}}
  [1m[36mUser Load (0.4ms)[0m  [1m[34mSELECT "users".* FROM "users" WHERE "users"."id" = '7ce9e54a-69e0-423b-b490-297d7e47be40' LIMIT 1 /*action='index',application='LinearClone',controller='projects'*/[0m
  ↳ app/controllers/application_controller.rb:15:in `current_user'
  [1m[36mUser Load (0.3ms)[0m  [1m[34mSELECT "users".* FROM "users" WHERE "users"."id" = '7ce9e54a-69e0-423b-b490-297d7e47be40' LIMIT 1 /*action='index',application='LinearClone',controller='issues'*/[0m
  ↳ app/controllers/application_controller.rb:15:in `current_user'
  [1m[36mProject Load (0.4ms)[0m  [1m[34mSELECT "projects".* FROM "projects" ORDER BY "projects"."name" ASC /*action='index',application='LinearClone',controller='projects'*/[0m
  ↳ app/controllers/api/v1/projects_controller.rb:17:in `index'
Completed 200 OK in 2ms (Views: 0.0ms | ActiveRecord: 0.7ms (2 queries, 0 cached) | GC: 0.1ms)


  [1m[36mIssue Load (0.5ms)[0m  [1m[34mSELECT "issues".* FROM "issues" WHERE "issues"."team_id" = '901d5d92-a0f2-43cc-a4aa-1e4f96506d1a' AND "issues"."status" = 'backlog' ORDER BY "issues"."sort_order" ASC, "issues"."created_at" DESC /*action='index',application='LinearClone',controller='issues'*/[0m
  ↳ app/controllers/api/v1/issues_controller.rb:49:in `index'
  [1m[36mUser Load (0.1ms)[0m  [1m[34mSELECT "users".* FROM "users" WHERE "users"."id" = '7ce9e54a-69e0-423b-b490-297d7e47be40' /*action='index',application='LinearClone',controller='issues'*/[0m
  ↳ app/controllers/api/v1/issues_controller.rb:49:in `index'
  [1m[36mTeam Load (0.1ms)[0m  [1m[34mSELECT "teams".* FROM "teams" WHERE "teams"."id" = '901d5d92-a0f2-43cc-a4aa-1e4f96506d1a' /*action='index',application='LinearClone',controller='issues'*/[0m
  ↳ app/controllers/api/v1/issues_controller.rb:49:in `index'
  [1m[36mIssueLabel Load (0.3ms)[0m  [1m[34mSELECT "issue_labels".* FROM "issue_labels" WHERE "issue_labels"."issue_id" = '36cce98d-0659-463f-88cc-6aadd7cd8dd7' /*action='index',application='LinearClone',controller='issues'*/[0m
  ↳ app/controllers/api/v1/issues_controller.rb:49:in `index'
Completed 200 OK in 4ms (Views: 0.0ms | ActiveRecord: 1.2ms (5 queries, 0 cached) | GC: 0.1ms)


Started GET "/api/v1/issues?team_id=901d5d92-a0f2-43cc-a4aa-1e4f96506d1a&status=backlog" for ::1 at 2026-01-25 22:40:45 -0300
Processing by Api::V1::IssuesController#index as */*
  Parameters: {"team_id"=>"901d5d92-a0f2-43cc-a4aa-1e4f96506d1a", "status"=>"backlog"}
Filter chain halted as :authenticate_user! rendered or redirected
Completed 401 Unauthorized in 5ms (Views: 4.2ms | ActiveRecord: 0.0ms (0 queries, 0 cached) | GC: 0.0ms)


  [1m[36mIssue Load (2.3ms)[0m  [1m[34mSELECT "issues".* FROM "issues" ORDER BY "issues"."id" ASC LIMIT 1 /*application='LinearClone'*/[0m
  [1m[36mTeam Load (1.1ms)[0m  [1m[34mSELECT "teams".* FROM "teams" WHERE "teams"."key" = 'ENG' LIMIT 1 /*application='LinearClone'*/[0m
Started GET "/api/v1/auth/me" for ::1 at 2026-01-25 22:41:01 -0300
Processing by Api::V1::Auth::SessionsController#me as JSON
  Parameters: {"session"=>{}}
  [1m[36mUser Load (0.9ms)[0m  [1m[34mSELECT "users".* FROM "users" WHERE "users"."id" = '7ce9e54a-69e0-423b-b490-297d7e47be40' LIMIT 1 /*action='me',application='LinearClone',controller='sessions'*/[0m
  ↳ app/controllers/application_controller.rb:15:in `current_user'
  [1m[36mTeam Load (0.6ms)[0m  [1m[34mSELECT "teams".* FROM "teams" ORDER BY "teams"."name" ASC /*action='me',application='LinearClone',controller='sessions'*/[0m
  ↳ app/controllers/api/v1/auth/sessions_controller.rb:119:in `auth_response'
  [1m[36mProject Load (3.2ms)[0m  [1m[34mSELECT "projects".* FROM "projects" WHERE "projects"."status" = 'active' ORDER BY "projects"."name" ASC /*action='me',application='LinearClone',controller='sessions'*/[0m
  ↳ app/controllers/api/v1/auth/sessions_controller.rb:120:in `auth_response'
Completed 200 OK in 8ms (Views: 0.1ms | ActiveRecord: 4.8ms (3 queries, 0 cached) | GC: 0.2ms)


Started GET "/api/v1/projects" for ::1 at 2026-01-25 22:41:01 -0300
Started GET "/api/v1/teams" for ::1 at 2026-01-25 22:41:01 -0300
Processing by Api::V1::TeamsController#index as JSON
  Parameters: {"team"=>{}}
Processing by Api::V1::ProjectsController#index as JSON
  Parameters: {"project"=>{}}
  [1m[36mUser Load (30.7ms)[0m  [1m[34mSELECT "users".* FROM "users" WHERE "users"."id" = '7ce9e54a-69e0-423b-b490-297d7e47be40' LIMIT 1 /*action='index',application='LinearClone',controller='teams'*/[0m
  ↳ app/controllers/application_controller.rb:15:in `current_user'
  [1m[36mUser Load (31.1ms)[0m  [1m[34mSELECT "users".* FROM "users" WHERE "users"."id" = '7ce9e54a-69e0-423b-b490-297d7e47be40' LIMIT 1 /*action='index',application='LinearClone',controller='projects'*/[0m
  ↳ app/controllers/application_controller.rb:15:in `current_user'
  [1m[36mTeam Load (0.6ms)[0m  [1m[34mSELECT "teams".* FROM "teams" ORDER BY "teams"."name" ASC /*action='index',application='LinearClone',controller='teams'*/[0m
  ↳ app/controllers/api/v1/teams_controller.rb:13:in `index'
  [1m[36mProject Load (1.0ms)[0m  [1m[34mSELECT "projects".* FROM "projects" ORDER BY "projects"."name" ASC /*action='index',application='LinearClone',controller='projects'*/[0m
  ↳ app/controllers/api/v1/projects_controller.rb:17:in `index'
  [1m[36mTeamMembership Load (0.6ms)[0m  [1m[34mSELECT "team_memberships".* FROM "team_memberships" WHERE "team_memberships"."team_id" IN ('9f31461f-5b5b-4c34-bacb-4729964f109d', '901d5d92-a0f2-43cc-a4aa-1e4f96506d1a') /*action='index',application='LinearClone',controller='teams'*/[0m
Completed 200 OK in 33ms (Views: 0.0ms | ActiveRecord: 32.1ms (2 queries, 0 cached) | GC: 0.1ms)


  ↳ app/controllers/api/v1/teams_controller.rb:13:in `index'
  [1m[36mUser Load (0.2ms)[0m  [1m[34mSELECT "users".* FROM "users" WHERE "users"."id" IN ('c433b2a6-7133-42b1-8587-74303cccfd10', '1ab5eed4-32b8-4bf9-bd99-a1b61b801301', 'ff0f5328-a27f-48a1-aec2-ba8e88725e01', '594f5079-166b-47d6-bc89-207c9e3a38dd') /*action='index',application='LinearClone',controller='teams'*/[0m
  ↳ app/controllers/api/v1/teams_controller.rb:13:in `index'
Completed 200 OK in 36ms (Views: 0.1ms | ActiveRecord: 32.1ms (4 queries, 0 cached) | GC: 0.1ms)


Started GET "/api/v1/teams" for ::1 at 2026-01-25 22:41:01 -0300
Started GET "/api/v1/projects" for ::1 at 2026-01-25 22:41:01 -0300
Processing by Api::V1::TeamsController#index as JSON
  Parameters: {"team"=>{}}
  [1m[36mUser Load (0.3ms)[0m  [1m[34mSELECT "users".* FROM "users" WHERE "users"."id" = '7ce9e54a-69e0-423b-b490-297d7e47be40' LIMIT 1 /*action='index',application='LinearClone',controller='teams'*/[0m
  ↳ app/controllers/application_controller.rb:15:in `current_user'
  [1m[36mTeam Load (0.2ms)[0m  [1m[34mSELECT "teams".* FROM "teams" ORDER BY "teams"."name" ASC /*action='index',application='LinearClone',controller='teams'*/[0m
  ↳ app/controllers/api/v1/teams_controller.rb:13:in `index'
  [1m[36mTeamMembership Load (0.2ms)[0m  [1m[34mSELECT "team_memberships".* FROM "team_memberships" WHERE "team_memberships"."team_id" IN ('9f31461f-5b5b-4c34-bacb-4729964f109d', '901d5d92-a0f2-43cc-a4aa-1e4f96506d1a') /*action='index',application='LinearClone',controller='teams'*/[0m
  ↳ app/controllers/api/v1/teams_controller.rb:13:in `index'
  [1m[36mUser Load (0.1ms)[0m  [1m[34mSELECT "users".* FROM "users" WHERE "users"."id" IN ('c433b2a6-7133-42b1-8587-74303cccfd10', '1ab5eed4-32b8-4bf9-bd99-a1b61b801301', 'ff0f5328-a27f-48a1-aec2-ba8e88725e01', '594f5079-166b-47d6-bc89-207c9e3a38dd') /*action='index',application='LinearClone',controller='teams'*/[0m
  ↳ app/controllers/api/v1/teams_controller.rb:13:in `index'
Completed 200 OK in 3ms (Views: 0.1ms | ActiveRecord: 0.8ms (4 queries, 0 cached) | GC: 0.0ms)


Processing by Api::V1::ProjectsController#index as JSON
  Parameters: {"project"=>{}}
  [1m[36mUser Load (0.2ms)[0m  [1m[34mSELECT "users".* FROM "users" WHERE "users"."id" = '7ce9e54a-69e0-423b-b490-297d7e47be40' LIMIT 1 /*action='index',application='LinearClone',controller='projects'*/[0m
  ↳ app/controllers/application_controller.rb:15:in `current_user'
  [1m[36mProject Load (0.1ms)[0m  [1m[34mSELECT "projects".* FROM "projects" ORDER BY "projects"."name" ASC /*action='index',application='LinearClone',controller='projects'*/[0m
  ↳ app/controllers/api/v1/projects_controller.rb:17:in `index'
Completed 200 OK in 1ms (Views: 0.0ms | ActiveRecord: 0.3ms (2 queries, 0 cached) | GC: 0.0ms)


Started GET "/api/v1/issues?team_id=901d5d92-a0f2-43cc-a4aa-1e4f96506d1a&sort=created_at&direction=desc" for ::1 at 2026-01-25 22:41:28 -0300
Processing by Api::V1::IssuesController#index as JSON
  Parameters: {"team_id"=>"901d5d92-a0f2-43cc-a4aa-1e4f96506d1a", "sort"=>"created_at", "direction"=>"desc", "issue"=>{}}
  [1m[36mUser Load (0.6ms)[0m  [1m[34mSELECT "users".* FROM "users" WHERE "users"."id" = '7ce9e54a-69e0-423b-b490-297d7e47be40' LIMIT 1 /*action='index',application='LinearClone',controller='issues'*/[0m
  ↳ app/controllers/application_controller.rb:15:in `current_user'
  [1m[36mIssue Load (0.6ms)[0m  [1m[34mSELECT "issues".* FROM "issues" WHERE "issues"."team_id" = '901d5d92-a0f2-43cc-a4aa-1e4f96506d1a' ORDER BY "issues"."created_at" DESC /*action='index',application='LinearClone',controller='issues'*/[0m
  ↳ app/controllers/api/v1/issues_controller.rb:49:in `index'
  [1m[36mUser Load (0.1ms)[0m  [1m[34mSELECT "users".* FROM "users" WHERE "users"."id" = '7ce9e54a-69e0-423b-b490-297d7e47be40' /*action='index',application='LinearClone',controller='issues'*/[0m
  ↳ app/controllers/api/v1/issues_controller.rb:49:in `index'
  [1m[36mTeam Load (0.2ms)[0m  [1m[34mSELECT "teams".* FROM "teams" WHERE "teams"."id" = '901d5d92-a0f2-43cc-a4aa-1e4f96506d1a' /*action='index',application='LinearClone',controller='issues'*/[0m
  ↳ app/controllers/api/v1/issues_controller.rb:49:in `index'
  [1m[36mIssueLabel Load (0.2ms)[0m  [1m[34mSELECT "issue_labels".* FROM "issue_labels" WHERE "issue_labels"."issue_id" = '36cce98d-0659-463f-88cc-6aadd7cd8dd7' /*action='index',application='LinearClone',controller='issues'*/[0m
  ↳ app/controllers/api/v1/issues_controller.rb:49:in `index'
Completed 200 OK in 10ms (Views: 0.1ms | ActiveRecord: 1.7ms (5 queries, 0 cached) | GC: 5.1ms)


Started GET "/api/v1/issues?team_id=901d5d92-a0f2-43cc-a4aa-1e4f96506d1a&status=backlog" for ::1 at 2026-01-25 22:41:44 -0300
Processing by Api::V1::IssuesController#index as JSON
  Parameters: {"team_id"=>"901d5d92-a0f2-43cc-a4aa-1e4f96506d1a", "status"=>"backlog", "issue"=>{}}
  [1m[36mUser Load (0.9ms)[0m  [1m[34mSELECT "users".* FROM "users" WHERE "users"."id" = '7ce9e54a-69e0-423b-b490-297d7e47be40' LIMIT 1 /*action='index',application='LinearClone',controller='issues'*/[0m
  ↳ app/controllers/application_controller.rb:15:in `current_user'
  [1m[36mIssue Load (0.7ms)[0m  [1m[34mSELECT "issues".* FROM "issues" WHERE "issues"."team_id" = '901d5d92-a0f2-43cc-a4aa-1e4f96506d1a' AND "issues"."status" = 'backlog' ORDER BY "issues"."sort_order" ASC, "issues"."created_at" DESC /*action='index',application='LinearClone',controller='issues'*/[0m
  ↳ app/controllers/api/v1/issues_controller.rb:49:in `index'
  [1m[36mUser Load (0.2ms)[0m  [1m[34mSELECT "users".* FROM "users" WHERE "users"."id" = '7ce9e54a-69e0-423b-b490-297d7e47be40' /*action='index',application='LinearClone',controller='issues'*/[0m
  ↳ app/controllers/api/v1/issues_controller.rb:49:in `index'
  [1m[36mTeam Load (0.1ms)[0m  [1m[34mSELECT "teams".* FROM "teams" WHERE "teams"."id" = '901d5d92-a0f2-43cc-a4aa-1e4f96506d1a' /*action='index',application='LinearClone',controller='issues'*/[0m
  ↳ app/controllers/api/v1/issues_controller.rb:49:in `index'
  [1m[36mIssueLabel Load (0.1ms)[0m  [1m[34mSELECT "issue_labels".* FROM "issue_labels" WHERE "issue_labels"."issue_id" = '36cce98d-0659-463f-88cc-6aadd7cd8dd7' /*action='index',application='LinearClone',controller='issues'*/[0m
  ↳ app/controllers/api/v1/issues_controller.rb:49:in `index'
Completed 200 OK in 7ms (Views: 0.1ms | ActiveRecord: 2.0ms (5 queries, 0 cached) | GC: 0.5ms)


  [1m[36mIssue Count (28.9ms)[0m  [1m[34mSELECT COUNT(*) FROM "issues" /*application='LinearClone'*/[0m
  [1m[36mIssue Load (0.2ms)[0m  [1m[34mSELECT "issues".* FROM "issues" /*application='LinearClone'*/[0m
  [1m[36mTeam Load (0.9ms)[0m  [1m[34mSELECT "teams".* FROM "teams" WHERE "teams"."id" = '901d5d92-a0f2-43cc-a4aa-1e4f96506d1a' LIMIT 1 /*application='LinearClone'*/[0m
  [1m[36mUser Load (27.1ms)[0m  [1m[34mSELECT "users".* FROM "users" /*application='LinearClone'*/[0m
  [1m[36mUser Load (1.4ms)[0m  [1m[34mSELECT "users".* FROM "users" WHERE "users"."email" = 'test@fintoc.com' LIMIT 1 /*application='LinearClone'*/[0m
  [1m[36mTRANSACTION (0.1ms)[0m  [1m[35mBEGIN /*application='LinearClone'*/[0m
  [1m[36mUser Exists? (0.8ms)[0m  [1m[34mSELECT 1 AS one FROM "users" WHERE LOWER("users"."email") = LOWER('test@fintoc.com') AND "users"."id" != '7ce9e54a-69e0-423b-b490-297d7e47be40' LIMIT 1 /*application='LinearClone'*/[0m
  [1m[36mUser Update (0.7ms)[0m  [1m[33mUPDATE "users" SET "updated_at" = '2026-01-26 01:43:41.663025', "role" = 'owner' WHERE "users"."id" = '7ce9e54a-69e0-423b-b490-297d7e47be40' /*application='LinearClone'*/[0m
  [1m[36mTRANSACTION (0.9ms)[0m  [1m[35mCOMMIT /*application='LinearClone'*/[0m
Started POST "/api/v1/auth/magic-link" for ::1 at 2026-01-25 22:45:14 -0300
Processing by Api::V1::Auth::SessionsController#send_magic_link as */*
  Parameters: {"email"=>"[FILTERED]", "session"=>{"email"=>"[FILTERED]"}}
  [1m[36mUser Load (1.4ms)[0m  [1m[34mSELECT "users".* FROM "users" WHERE (LOWER(email) = 'test@fintoc.com') ORDER BY "users"."id" ASC LIMIT 1 /*action='send_magic_link',application='LinearClone',controller='sessions'*/[0m
  ↳ app/models/user.rb:36:in `find_by_email'
  [1m[36mUser Exists? (0.2ms)[0m  [1m[34mSELECT 1 AS one FROM "users" WHERE "users"."magic_link_token" = '0dj4u0HCQcrVnMY-xXPoa48qNtXau2Iy3CfJIf2-jM8' LIMIT 1 /*action='send_magic_link',application='LinearClone',controller='sessions'*/[0m
  ↳ app/models/user.rb:43:in `block in generate_magic_link_token!'
  [1m[36mTRANSACTION (0.1ms)[0m  [1m[35mBEGIN /*action='send_magic_link',application='LinearClone',controller='sessions'*/[0m
  ↳ app/models/user.rb:46:in `generate_magic_link_token!'
  [1m[36mUser Exists? (0.8ms)[0m  [1m[34mSELECT 1 AS one FROM "users" WHERE LOWER("users"."email") = LOWER('test@fintoc.com') AND "users"."id" != '7ce9e54a-69e0-423b-b490-297d7e47be40' LIMIT 1 /*action='send_magic_link',application='LinearClone',controller='sessions'*/[0m
  ↳ app/models/user.rb:46:in `generate_magic_link_token!'
  [1m[36mUser Update (2.6ms)[0m  [1m[33mUPDATE "users" SET "updated_at" = '2026-01-26 01:45:14.364894', "magic_link_token" = '0dj4u0HCQcrVnMY-xXPoa48qNtXau2Iy3CfJIf2-jM8', "magic_link_sent_at" = '2026-01-26 01:45:14.363278' WHERE "users"."id" = '7ce9e54a-69e0-423b-b490-297d7e47be40' /*action='send_magic_link',application='LinearClone',controller='sessions'*/[0m
  ↳ app/models/user.rb:46:in `generate_magic_link_token!'
  [1m[36mTRANSACTION (0.7ms)[0m  [1m[35mCOMMIT /*action='send_magic_link',application='LinearClone',controller='sessions'*/[0m
  ↳ app/models/user.rb:46:in `generate_magic_link_token!'
[ActiveJob] Enqueued ActionMailer::MailDeliveryJob (Job ID: 33ef842d-e7b7-4c68-97e2-4213db7f81be) to Sidekiq(default) with arguments: "MagicLinkMailer", "magic_link_email", "deliver_now", {:args=>[#<GlobalID:0x000000010dd12398 @uri=#<URI::GID gid://linear-clone/User/7ce9e54a-69e0-423b-b490-297d7e47be40>>, "0dj4u0HCQcrVnMY-xXPoa48qNtXau2Iy3CfJIf2-jM8"]}
[ActiveJob] ↳ app/controllers/api/v1/auth/sessions_controller.rb:41:in `send_magic_link'
Completed 200 OK in 21ms (Views: 0.1ms | ActiveRecord: 5.7ms (4 queries, 0 cached) | GC: 0.4ms)


  [1m[36mUser Load (1.0ms)[0m  [1m[34mSELECT "users".* FROM "users" WHERE "users"."email" = 'test@fintoc.com' LIMIT 1 /*application='LinearClone'*/[0m
Started POST "/api/v1/auth/verify-magic-link" for ::1 at 2026-01-25 22:45:21 -0300
Processing by Api::V1::Auth::SessionsController#verify_magic_link as */*
  Parameters: {"token"=>"[FILTERED]", "session"=>{"token"=>"[FILTERED]"}}
  [1m[36mUser Load (0.3ms)[0m  [1m[34mSELECT "users".* FROM "users" WHERE "users"."magic_link_token" = '0dj4u0HCQcrVnMY-xXPoa48qNtXau2Iy3CfJIf2-jM8' LIMIT 1 /*action='verify_magic_link',application='LinearClone',controller='sessions'*/[0m
  ↳ app/models/user.rb:54:in `find_by_magic_link_token'
  [1m[36mTRANSACTION (0.1ms)[0m  [1m[35mBEGIN /*action='verify_magic_link',application='LinearClone',controller='sessions'*/[0m
  ↳ app/models/user.rb:66:in `clear_magic_link_token!'
  [1m[36mUser Exists? (0.5ms)[0m  [1m[34mSELECT 1 AS one FROM "users" WHERE LOWER("users"."email") = LOWER('test@fintoc.com') AND "users"."id" != '7ce9e54a-69e0-423b-b490-297d7e47be40' LIMIT 1 /*action='verify_magic_link',application='LinearClone',controller='sessions'*/[0m
  ↳ app/models/user.rb:66:in `clear_magic_link_token!'
  [1m[36mUser Update (0.2ms)[0m  [1m[33mUPDATE "users" SET "updated_at" = '2026-01-26 01:45:21.962150', "magic_link_token" = NULL, "magic_link_sent_at" = NULL WHERE "users"."id" = '7ce9e54a-69e0-423b-b490-297d7e47be40' /*action='verify_magic_link',application='LinearClone',controller='sessions'*/[0m
  ↳ app/models/user.rb:66:in `clear_magic_link_token!'
  [1m[36mTRANSACTION (0.5ms)[0m  [1m[35mCOMMIT /*action='verify_magic_link',application='LinearClone',controller='sessions'*/[0m
  ↳ app/models/user.rb:66:in `clear_magic_link_token!'
  [1m[36mTeam Load (0.2ms)[0m  [1m[34mSELECT "teams".* FROM "teams" ORDER BY "teams"."name" ASC /*action='verify_magic_link',application='LinearClone',controller='sessions'*/[0m
  ↳ app/controllers/api/v1/auth/sessions_controller.rb:119:in `auth_response'
  [1m[36mProject Load (0.2ms)[0m  [1m[34mSELECT "projects".* FROM "projects" WHERE "projects"."status" = 'active' ORDER BY "projects"."name" ASC /*action='verify_magic_link',application='LinearClone',controller='sessions'*/[0m
  ↳ app/controllers/api/v1/auth/sessions_controller.rb:120:in `auth_response'
Completed 200 OK in 5ms (Views: 0.0ms | ActiveRecord: 1.9ms (5 queries, 0 cached) | GC: 0.3ms)


Started POST "/api/v1/teams" for ::1 at 2026-01-25 22:45:28 -0300
Processing by Api::V1::TeamsController#create as */*
  Parameters: {"team"=>{"name"=>"Test Team", "key"=>"TST", "color"=>"blue"}}
  [1m[36mUser Load (0.5ms)[0m  [1m[34mSELECT "users".* FROM "users" WHERE "users"."id" = '7ce9e54a-69e0-423b-b490-297d7e47be40' LIMIT 1 /*action='create',application='LinearClone',controller='teams'*/[0m
  ↳ app/controllers/application_controller.rb:15:in `current_user'
  [1m[36mTRANSACTION (0.1ms)[0m  [1m[35mBEGIN /*action='create',application='LinearClone',controller='teams'*/[0m
  ↳ app/controllers/api/v1/teams_controller.rb:20:in `create'
  [1m[36mTeam Exists? (0.5ms)[0m  [1m[34mSELECT 1 AS one FROM "teams" WHERE "teams"."key" = 'TST' LIMIT 1 /*action='create',application='LinearClone',controller='teams'*/[0m
  ↳ app/controllers/api/v1/teams_controller.rb:20:in `create'
  [1m[36mTeam Create (6.7ms)[0m  [1m[32mINSERT INTO "teams" ("name", "key", "description", "icon", "color", "issue_counter", "settings", "created_at", "updated_at") VALUES ('Test Team', 'TST', NULL, NULL, 'blue', 0, '{}', '2026-01-26 01:45:28.207407', '2026-01-26 01:45:28.207407') RETURNING "id" /*action='create',application='LinearClone',controller='teams'*/[0m
  ↳ app/controllers/api/v1/teams_controller.rb:20:in `create'
  [1m[36mTRANSACTION (0.2ms)[0m  [1m[35mCOMMIT /*action='create',application='LinearClone',controller='teams'*/[0m
  ↳ app/controllers/api/v1/teams_controller.rb:20:in `create'
  [1m[36mTRANSACTION (0.1ms)[0m  [1m[35mBEGIN /*action='create',application='LinearClone',controller='teams'*/[0m
  ↳ app/controllers/api/v1/teams_controller.rb:22:in `create'
  [1m[36mTeamMembership Exists? (0.6ms)[0m  [1m[34mSELECT 1 AS one FROM "team_memberships" WHERE "team_memberships"."user_id" = '7ce9e54a-69e0-423b-b490-297d7e47be40' AND "team_memberships"."team_id" = '2775f5a1-a921-481e-97da-41d28b861063' LIMIT 1 /*action='create',application='LinearClone',controller='teams'*/[0m
  ↳ app/controllers/api/v1/teams_controller.rb:22:in `create'
  [1m[36mTeamMembership Create (1.1ms)[0m  [1m[32mINSERT INTO "team_memberships" ("user_id", "team_id", "role", "created_at", "updated_at") VALUES ('7ce9e54a-69e0-423b-b490-297d7e47be40', '2775f5a1-a921-481e-97da-41d28b861063', 'lead', '2026-01-26 01:45:28.216244', '2026-01-26 01:45:28.216244') RETURNING "id" /*action='create',application='LinearClone',controller='teams'*/[0m
  ↳ app/controllers/api/v1/teams_controller.rb:22:in `create'
  [1m[36mTRANSACTION (0.2ms)[0m  [1m[35mCOMMIT /*action='create',application='LinearClone',controller='teams'*/[0m
  ↳ app/controllers/api/v1/teams_controller.rb:22:in `create'
  [1m[36mUser Load (1.1ms)[0m  [1m[34mSELECT "users".* FROM "users" INNER JOIN "team_memberships" ON "users"."id" = "team_memberships"."user_id" WHERE "team_memberships"."team_id" = '2775f5a1-a921-481e-97da-41d28b861063' /*action='create',application='LinearClone',controller='teams'*/[0m
  ↳ app/controllers/api/v1/teams_controller.rb:25:in `create'
Completed 201 Created in 17ms (Views: 0.1ms | ActiveRecord: 11.2ms (6 queries, 0 cached) | GC: 0.3ms)


  [1m[36mUser Count (2.1ms)[0m  [1m[34mSELECT COUNT(*) FROM "users" WHERE NOT ((email LIKE '%@fintoc.com')) /*application='LinearClone'*/[0m
  [1m[36mUser Load (0.4ms)[0m  [1m[34mSELECT "users".* FROM "users" WHERE NOT ((email LIKE '%@fintoc.com')) /*application='LinearClone'*/[0m
  [1m[36mTRANSACTION (0.1ms)[0m  [1m[35mBEGIN /*application='LinearClone'*/[0m
  [1m[36mTeamMembership Load (1.1ms)[0m  [1m[34mSELECT "team_memberships".* FROM "team_memberships" WHERE "team_memberships"."user_id" = 'ff0f5328-a27f-48a1-aec2-ba8e88725e01' /*application='LinearClone'*/[0m
  [1m[36mTeamMembership Destroy (0.2ms)[0m  [1m[31mDELETE FROM "team_memberships" WHERE "team_memberships"."id" = '7d2177f5-f285-4418-a7e9-f4ef1a1ccef9' /*application='LinearClone'*/[0m
  [1m[36mProjectMembership Load (1.9ms)[0m  [1m[34mSELECT "project_memberships".* FROM "project_memberships" WHERE "project_memberships"."user_id" = 'ff0f5328-a27f-48a1-aec2-ba8e88725e01' /*application='LinearClone'*/[0m
  [1m[36mProject Update All (0.9ms)[0m  [1m[33mUPDATE "projects" SET "lead_id" = NULL WHERE "projects"."lead_id" = 'ff0f5328-a27f-48a1-aec2-ba8e88725e01' /*application='LinearClone'*/[0m
  [1m[36mIssue Update All (2.9ms)[0m  [1m[33mUPDATE "issues" SET "creator_id" = NULL WHERE "issues"."creator_id" = 'ff0f5328-a27f-48a1-aec2-ba8e88725e01' /*application='LinearClone'*/[0m
  [1m[36mIssue Update All (0.3ms)[0m  [1m[33mUPDATE "issues" SET "assignee_id" = NULL WHERE "issues"."assignee_id" = 'ff0f5328-a27f-48a1-aec2-ba8e88725e01' /*application='LinearClone'*/[0m
  [1m[36mComment Load (2.5ms)[0m  [1m[34mSELECT "comments".* FROM "comments" WHERE "comments"."user_id" = 'ff0f5328-a27f-48a1-aec2-ba8e88725e01' /*application='LinearClone'*/[0m
  [1m[36mIssueActivity Load (0.9ms)[0m  [1m[34mSELECT "issue_activities".* FROM "issue_activities" WHERE "issue_activities"."user_id" = 'ff0f5328-a27f-48a1-aec2-ba8e88725e01' /*application='LinearClone'*/[0m
  [1m[36mUser Destroy (1.5ms)[0m  [1m[31mDELETE FROM "users" WHERE "users"."id" = 'ff0f5328-a27f-48a1-aec2-ba8e88725e01' /*application='LinearClone'*/[0m
  [1m[36mTRANSACTION (0.3ms)[0m  [1m[35mCOMMIT /*application='LinearClone'*/[0m
  [1m[36mTRANSACTION (0.1ms)[0m  [1m[35mBEGIN /*application='LinearClone'*/[0m
  [1m[36mTeamMembership Load (0.6ms)[0m  [1m[34mSELECT "team_memberships".* FROM "team_memberships" WHERE "team_memberships"."user_id" = 'c433b2a6-7133-42b1-8587-74303cccfd10' /*application='LinearClone'*/[0m
  [1m[36mTeamMembership Destroy (0.2ms)[0m  [1m[31mDELETE FROM "team_memberships" WHERE "team_memberships"."id" = '566f634f-1ac0-459d-a3f0-2b30b24a1cd2' /*application='LinearClone'*/[0m
  [1m[36mTeamMembership Destroy (0.1ms)[0m  [1m[31mDELETE FROM "team_memberships" WHERE "team_memberships"."id" = 'ffd327ac-904f-4acf-98fe-c0c74fec6c62' /*application='LinearClone'*/[0m
  [1m[36mProjectMembership Load (0.2ms)[0m  [1m[34mSELECT "project_memberships".* FROM "project_memberships" WHERE "project_memberships"."user_id" = 'c433b2a6-7133-42b1-8587-74303cccfd10' /*application='LinearClone'*/[0m
  [1m[36mProject Update All (0.2ms)[0m  [1m[33mUPDATE "projects" SET "lead_id" = NULL WHERE "projects"."lead_id" = 'c433b2a6-7133-42b1-8587-74303cccfd10' /*application='LinearClone'*/[0m
  [1m[36mIssue Update All (0.2ms)[0m  [1m[33mUPDATE "issues" SET "creator_id" = NULL WHERE "issues"."creator_id" = 'c433b2a6-7133-42b1-8587-74303cccfd10' /*application='LinearClone'*/[0m
  [1m[36mIssue Update All (0.2ms)[0m  [1m[33mUPDATE "issues" SET "assignee_id" = NULL WHERE "issues"."assignee_id" = 'c433b2a6-7133-42b1-8587-74303cccfd10' /*application='LinearClone'*/[0m
  [1m[36mComment Load (0.2ms)[0m  [1m[34mSELECT "comments".* FROM "comments" WHERE "comments"."user_id" = 'c433b2a6-7133-42b1-8587-74303cccfd10' /*application='LinearClone'*/[0m
  [1m[36mIssueActivity Load (0.2ms)[0m  [1m[34mSELECT "issue_activities".* FROM "issue_activities" WHERE "issue_activities"."user_id" = 'c433b2a6-7133-42b1-8587-74303cccfd10' /*application='LinearClone'*/[0m
  [1m[36mUser Destroy (1.1ms)[0m  [1m[31mDELETE FROM "users" WHERE "users"."id" = 'c433b2a6-7133-42b1-8587-74303cccfd10' /*application='LinearClone'*/[0m
  [1m[36mTRANSACTION (0.2ms)[0m  [1m[35mCOMMIT /*application='LinearClone'*/[0m
  [1m[36mTRANSACTION (0.1ms)[0m  [1m[35mBEGIN /*application='LinearClone'*/[0m
  [1m[36mTeamMembership Load (0.5ms)[0m  [1m[34mSELECT "team_memberships".* FROM "team_memberships" WHERE "team_memberships"."user_id" = '594f5079-166b-47d6-bc89-207c9e3a38dd' /*application='LinearClone'*/[0m
  [1m[36mTeamMembership Destroy (0.2ms)[0m  [1m[31mDELETE FROM "team_memberships" WHERE "team_memberships"."id" = 'fe50048c-dc45-4d56-990e-24bdbc4393b2' /*application='LinearClone'*/[0m
  [1m[36mProjectMembership Load (0.2ms)[0m  [1m[34mSELECT "project_memberships".* FROM "project_memberships" WHERE "project_memberships"."user_id" = '594f5079-166b-47d6-bc89-207c9e3a38dd' /*application='LinearClone'*/[0m
  [1m[36mProject Update All (0.2ms)[0m  [1m[33mUPDATE "projects" SET "lead_id" = NULL WHERE "projects"."lead_id" = '594f5079-166b-47d6-bc89-207c9e3a38dd' /*application='LinearClone'*/[0m
  [1m[36mIssue Update All (0.2ms)[0m  [1m[33mUPDATE "issues" SET "creator_id" = NULL WHERE "issues"."creator_id" = '594f5079-166b-47d6-bc89-207c9e3a38dd' /*application='LinearClone'*/[0m
  [1m[36mIssue Update All (0.2ms)[0m  [1m[33mUPDATE "issues" SET "assignee_id" = NULL WHERE "issues"."assignee_id" = '594f5079-166b-47d6-bc89-207c9e3a38dd' /*application='LinearClone'*/[0m
  [1m[36mComment Load (0.2ms)[0m  [1m[34mSELECT "comments".* FROM "comments" WHERE "comments"."user_id" = '594f5079-166b-47d6-bc89-207c9e3a38dd' /*application='LinearClone'*/[0m
  [1m[36mIssueActivity Load (0.2ms)[0m  [1m[34mSELECT "issue_activities".* FROM "issue_activities" WHERE "issue_activities"."user_id" = '594f5079-166b-47d6-bc89-207c9e3a38dd' /*application='LinearClone'*/[0m
  [1m[36mUser Destroy (1.2ms)[0m  [1m[31mDELETE FROM "users" WHERE "users"."id" = '594f5079-166b-47d6-bc89-207c9e3a38dd' /*application='LinearClone'*/[0m
  [1m[36mTRANSACTION (0.2ms)[0m  [1m[35mCOMMIT /*application='LinearClone'*/[0m
  [1m[36mTRANSACTION (0.1ms)[0m  [1m[35mBEGIN /*application='LinearClone'*/[0m
  [1m[36mTeamMembership Load (0.6ms)[0m  [1m[34mSELECT "team_memberships".* FROM "team_memberships" WHERE "team_memberships"."user_id" = '1ab5eed4-32b8-4bf9-bd99-a1b61b801301' /*application='LinearClone'*/[0m
  [1m[36mTeamMembership Destroy (0.2ms)[0m  [1m[31mDELETE FROM "team_memberships" WHERE "team_memberships"."id" = 'c503b28b-172a-46ac-b38b-fe7e790abdb7' /*application='LinearClone'*/[0m
  [1m[36mProjectMembership Load (0.2ms)[0m  [1m[34mSELECT "project_memberships".* FROM "project_memberships" WHERE "project_memberships"."user_id" = '1ab5eed4-32b8-4bf9-bd99-a1b61b801301' /*application='LinearClone'*/[0m
  [1m[36mProject Update All (0.2ms)[0m  [1m[33mUPDATE "projects" SET "lead_id" = NULL WHERE "projects"."lead_id" = '1ab5eed4-32b8-4bf9-bd99-a1b61b801301' /*application='LinearClone'*/[0m
  [1m[36mIssue Update All (0.2ms)[0m  [1m[33mUPDATE "issues" SET "creator_id" = NULL WHERE "issues"."creator_id" = '1ab5eed4-32b8-4bf9-bd99-a1b61b801301' /*application='LinearClone'*/[0m
  [1m[36mIssue Update All (0.2ms)[0m  [1m[33mUPDATE "issues" SET "assignee_id" = NULL WHERE "issues"."assignee_id" = '1ab5eed4-32b8-4bf9-bd99-a1b61b801301' /*application='LinearClone'*/[0m
  [1m[36mComment Load (0.2ms)[0m  [1m[34mSELECT "comments".* FROM "comments" WHERE "comments"."user_id" = '1ab5eed4-32b8-4bf9-bd99-a1b61b801301' /*application='LinearClone'*/[0m
  [1m[36mIssueActivity Load (0.2ms)[0m  [1m[34mSELECT "issue_activities".* FROM "issue_activities" WHERE "issue_activities"."user_id" = '1ab5eed4-32b8-4bf9-bd99-a1b61b801301' /*application='LinearClone'*/[0m
  [1m[36mUser Destroy (0.9ms)[0m  [1m[31mDELETE FROM "users" WHERE "users"."id" = '1ab5eed4-32b8-4bf9-bd99-a1b61b801301' /*application='LinearClone'*/[0m
  [1m[36mTRANSACTION (0.2ms)[0m  [1m[35mCOMMIT /*application='LinearClone'*/[0m
  [1m[36mUser Load (0.2ms)[0m  [1m[34mSELECT "users".* FROM "users" /*application='LinearClone'*/[0m
Started GET "/api/v1/issues?team_id=901d5d92-a0f2-43cc-a4aa-1e4f96506d1a&status=backlog" for ::1 at 2026-01-25 22:46:40 -0300
Started GET "/api/v1/teams" for ::1 at 2026-01-25 22:46:40 -0300
Started GET "/api/v1/projects" for ::1 at 2026-01-25 22:46:40 -0300
Processing by Api::V1::ProjectsController#index as JSON
  Parameters: {"project"=>{}}
Processing by Api::V1::TeamsController#index as JSON
  Parameters: {"team"=>{}}
Processing by Api::V1::IssuesController#index as JSON
  Parameters: {"team_id"=>"901d5d92-a0f2-43cc-a4aa-1e4f96506d1a", "status"=>"backlog", "issue"=>{}}
  [1m[36mUser Load (28.1ms)[0m  [1m[34mSELECT "users".* FROM "users" WHERE "users"."id" = '7ce9e54a-69e0-423b-b490-297d7e47be40' LIMIT 1 /*action='index',application='LinearClone',controller='projects'*/[0m
  ↳ app/controllers/application_controller.rb:15:in `current_user'
  [1m[36mProject Load (0.3ms)[0m  [1m[34mSELECT "projects".* FROM "projects" ORDER BY "projects"."name" ASC /*action='index',application='LinearClone',controller='projects'*/[0m
  ↳ app/controllers/api/v1/projects_controller.rb:17:in `index'
Completed 200 OK in 33ms (Views: 0.1ms | ActiveRecord: 28.4ms (2 queries, 0 cached) | GC: 1.0ms)


Started GET "/api/v1/projects" for ::1 at 2026-01-25 22:46:40 -0300
Processing by Api::V1::ProjectsController#index as JSON
  Parameters: {"project"=>{}}
  [1m[36mUser Load (0.2ms)[0m  [1m[34mSELECT "users".* FROM "users" WHERE "users"."id" = '7ce9e54a-69e0-423b-b490-297d7e47be40' LIMIT 1 /*action='index',application='LinearClone',controller='projects'*/[0m
  ↳ app/controllers/application_controller.rb:15:in `current_user'
  [1m[36mProject Load (0.2ms)[0m  [1m[34mSELECT "projects".* FROM "projects" ORDER BY "projects"."name" ASC /*action='index',application='LinearClone',controller='projects'*/[0m
  ↳ app/controllers/api/v1/projects_controller.rb:17:in `index'
Completed 200 OK in 2ms (Views: 0.1ms | ActiveRecord: 0.4ms (2 queries, 0 cached) | GC: 0.3ms)


Started GET "/api/v1/projects" for ::1 at 2026-01-25 22:46:40 -0300
Processing by Api::V1::ProjectsController#index as JSON
  Parameters: {"project"=>{}}
  [1m[36mUser Load (0.6ms)[0m  [1m[34mSELECT "users".* FROM "users" WHERE "users"."id" = '7ce9e54a-69e0-423b-b490-297d7e47be40' LIMIT 1 /*action='index',application='LinearClone',controller='projects'*/[0m
  ↳ app/controllers/application_controller.rb:15:in `current_user'
  [1m[36mProject Load (0.2ms)[0m  [1m[34mSELECT "projects".* FROM "projects" ORDER BY "projects"."name" ASC /*action='index',application='LinearClone',controller='projects'*/[0m
  ↳ app/controllers/api/v1/projects_controller.rb:17:in `index'
Completed 200 OK in 2ms (Views: 0.0ms | ActiveRecord: 0.8ms (2 queries, 0 cached) | GC: 0.2ms)


  [1m[36mUser Load (0.6ms)[0m  [1m[34mSELECT "users".* FROM "users" WHERE "users"."id" = '7ce9e54a-69e0-423b-b490-297d7e47be40' LIMIT 1 /*action='index',application='LinearClone',controller='issues'*/[0m
  [1m[36mUser Load (0.7ms)[0m  [1m[34mSELECT "users".* FROM "users" WHERE "users"."id" = '7ce9e54a-69e0-423b-b490-297d7e47be40' LIMIT 1 /*action='index',application='LinearClone',controller='teams'*/[0m
  ↳ app/controllers/application_controller.rb:15:in `current_user'
  ↳ app/controllers/application_controller.rb:15:in `current_user'
  [1m[36mTeam Load (1.0ms)[0m  [1m[34mSELECT "teams".* FROM "teams" ORDER BY "teams"."name" ASC /*action='index',application='LinearClone',controller='teams'*/[0m
  ↳ app/controllers/api/v1/teams_controller.rb:13:in `index'
  [1m[36mIssue Load (2.5ms)[0m  [1m[34mSELECT "issues".* FROM "issues" WHERE "issues"."team_id" = '901d5d92-a0f2-43cc-a4aa-1e4f96506d1a' AND "issues"."status" = 'backlog' ORDER BY "issues"."sort_order" ASC, "issues"."created_at" DESC /*action='index',application='LinearClone',controller='issues'*/[0m
  ↳ app/controllers/api/v1/issues_controller.rb:49:in `index'
  [1m[36mTeamMembership Load (1.1ms)[0m  [1m[34mSELECT "team_memberships".* FROM "team_memberships" WHERE "team_memberships"."team_id" IN ('9f31461f-5b5b-4c34-bacb-4729964f109d', '901d5d92-a0f2-43cc-a4aa-1e4f96506d1a', '2775f5a1-a921-481e-97da-41d28b861063') /*action='index',application='LinearClone',controller='teams'*/[0m
  ↳ app/controllers/api/v1/teams_controller.rb:13:in `index'
  [1m[36mUser Load (0.7ms)[0m  [1m[34mSELECT "users".* FROM "users" WHERE "users"."id" = '7ce9e54a-69e0-423b-b490-297d7e47be40' /*action='index',application='LinearClone',controller='issues'*/[0m
  ↳ app/controllers/api/v1/issues_controller.rb:49:in `index'
  [1m[36mUser Load (0.4ms)[0m  [1m[34mSELECT "users".* FROM "users" WHERE "users"."id" = '7ce9e54a-69e0-423b-b490-297d7e47be40' /*action='index',application='LinearClone',controller='teams'*/[0m
  ↳ app/controllers/api/v1/teams_controller.rb:13:in `index'
Completed 200 OK in 52ms (Views: 0.1ms | ActiveRecord: 9.6ms (4 queries, 0 cached) | GC: 1.7ms)


  [1m[36mTeam Load (0.8ms)[0m  [1m[34mSELECT "teams".* FROM "teams" WHERE "teams"."id" = '901d5d92-a0f2-43cc-a4aa-1e4f96506d1a' /*action='index',application='LinearClone',controller='issues'*/[0m
  ↳ app/controllers/api/v1/issues_controller.rb:49:in `index'
  [1m[36mIssueLabel Load (2.3ms)[0m  [1m[34mSELECT "issue_labels".* FROM "issue_labels" WHERE "issue_labels"."issue_id" = '36cce98d-0659-463f-88cc-6aadd7cd8dd7' /*action='index',application='LinearClone',controller='issues'*/[0m
  ↳ app/controllers/api/v1/issues_controller.rb:49:in `index'
Completed 200 OK in 52ms (Views: 0.1ms | ActiveRecord: 13.0ms (5 queries, 0 cached) | GC: 1.2ms)


Started GET "/api/v1/issues?team_id=901d5d92-a0f2-43cc-a4aa-1e4f96506d1a&status=backlog" for ::1 at 2026-01-25 22:46:40 -0300
Processing by Api::V1::IssuesController#index as JSON
  Parameters: {"team_id"=>"901d5d92-a0f2-43cc-a4aa-1e4f96506d1a", "status"=>"backlog", "issue"=>{}}
  [1m[36mUser Load (0.4ms)[0m  [1m[34mSELECT "users".* FROM "users" WHERE "users"."id" = '7ce9e54a-69e0-423b-b490-297d7e47be40' LIMIT 1 /*action='index',application='LinearClone',controller='issues'*/[0m
  ↳ app/controllers/application_controller.rb:15:in `current_user'
  [1m[36mIssue Load (0.2ms)[0m  [1m[34mSELECT "issues".* FROM "issues" WHERE "issues"."team_id" = '901d5d92-a0f2-43cc-a4aa-1e4f96506d1a' AND "issues"."status" = 'backlog' ORDER BY "issues"."sort_order" ASC, "issues"."created_at" DESC /*action='index',application='LinearClone',controller='issues'*/[0m
  ↳ app/controllers/api/v1/issues_controller.rb:49:in `index'
  [1m[36mUser Load (0.1ms)[0m  [1m[34mSELECT "users".* FROM "users" WHERE "users"."id" = '7ce9e54a-69e0-423b-b490-297d7e47be40' /*action='index',application='LinearClone',controller='issues'*/[0m
  ↳ app/controllers/api/v1/issues_controller.rb:49:in `index'
  [1m[36mTeam Load (0.1ms)[0m  [1m[34mSELECT "teams".* FROM "teams" WHERE "teams"."id" = '901d5d92-a0f2-43cc-a4aa-1e4f96506d1a' /*action='index',application='LinearClone',controller='issues'*/[0m
  ↳ app/controllers/api/v1/issues_controller.rb:49:in `index'
  [1m[36mIssueLabel Load (0.1ms)[0m  [1m[34mSELECT "issue_labels".* FROM "issue_labels" WHERE "issue_labels"."issue_id" = '36cce98d-0659-463f-88cc-6aadd7cd8dd7' /*action='index',application='LinearClone',controller='issues'*/[0m
  ↳ app/controllers/api/v1/issues_controller.rb:49:in `index'
Completed 200 OK in 3ms (Views: 0.1ms | ActiveRecord: 0.9ms (5 queries, 0 cached) | GC: 0.0ms)


Started GET "/api/v1/issues?team_id=901d5d92-a0f2-43cc-a4aa-1e4f96506d1a&status=backlog" for ::1 at 2026-01-25 22:46:45 -0300
Started GET "/api/v1/teams" for ::1 at 2026-01-25 22:46:45 -0300
Started GET "/api/v1/projects" for ::1 at 2026-01-25 22:46:45 -0300
Processing by Api::V1::TeamsController#index as JSON
  Parameters: {"team"=>{}}
Processing by Api::V1::ProjectsController#index as JSON
  Parameters: {"project"=>{}}
  [1m[36mUser Load (5.8ms)[0m  [1m[34mSELECT "users".* FROM "users" WHERE "users"."id" = '7ce9e54a-69e0-423b-b490-297d7e47be40' LIMIT 1 /*action='index',application='LinearClone',controller='teams'*/[0m
  ↳ app/controllers/application_controller.rb:15:in `current_user'
  [1m[36mUser Load (1.2ms)[0m  [1m[34mSELECT "users".* FROM "users" WHERE "users"."id" = '7ce9e54a-69e0-423b-b490-297d7e47be40' LIMIT 1 /*action='index',application='LinearClone',controller='projects'*/[0m
  ↳ app/controllers/application_controller.rb:15:in `current_user'
  [1m[36mTeam Load (0.8ms)[0m  [1m[34mSELECT "teams".* FROM "teams" ORDER BY "teams"."name" ASC /*action='index',application='LinearClone',controller='teams'*/[0m
  ↳ app/controllers/api/v1/teams_controller.rb:13:in `index'
  [1m[36mProject Load (1.2ms)[0m  [1m[34mSELECT "projects".* FROM "projects" ORDER BY "projects"."name" ASC /*action='index',application='LinearClone',controller='projects'*/[0m
  ↳ app/controllers/api/v1/projects_controller.rb:17:in `index'
Completed 200 OK in 9ms (Views: 0.1ms | ActiveRecord: 2.4ms (2 queries, 0 cached) | GC: 4.0ms)


Processing by Api::V1::IssuesController#index as JSON
  Parameters: {"team_id"=>"901d5d92-a0f2-43cc-a4aa-1e4f96506d1a", "status"=>"backlog", "issue"=>{}}
  [1m[36mTeamMembership Load (5.1ms)[0m  [1m[34mSELECT "team_memberships".* FROM "team_memberships" WHERE "team_memberships"."team_id" IN ('9f31461f-5b5b-4c34-bacb-4729964f109d', '901d5d92-a0f2-43cc-a4aa-1e4f96506d1a', '2775f5a1-a921-481e-97da-41d28b861063') /*action='index',application='LinearClone',controller='teams'*/[0m
  ↳ app/controllers/api/v1/teams_controller.rb:13:in `index'
  [1m[36mUser Load (3.5ms)[0m  [1m[34mSELECT "users".* FROM "users" WHERE "users"."id" = '7ce9e54a-69e0-423b-b490-297d7e47be40' LIMIT 1 /*action='index',application='LinearClone',controller='issues'*/[0m
  ↳ app/controllers/application_controller.rb:15:in `current_user'
Started GET "/api/v1/projects" for ::1 at 2026-01-25 22:46:45 -0300
  [1m[36mUser Load (2.1ms)[0m  [1m[34mSELECT "users".* FROM "users" WHERE "users"."id" = '7ce9e54a-69e0-423b-b490-297d7e47be40' /*action='index',application='LinearClone',controller='teams'*/[0m
  ↳ app/controllers/api/v1/teams_controller.rb:13:in `index'
Completed 200 OK in 24ms (Views: 0.1ms | ActiveRecord: 13.8ms (4 queries, 0 cached) | GC: 5.2ms)


  [1m[36mIssue Load (3.5ms)[0m  [1m[34mSELECT "issues".* FROM "issues" WHERE "issues"."team_id" = '901d5d92-a0f2-43cc-a4aa-1e4f96506d1a' AND "issues"."status" = 'backlog' ORDER BY "issues"."sort_order" ASC, "issues"."created_at" DESC /*action='index',application='LinearClone',controller='issues'*/[0m
  ↳ app/controllers/api/v1/issues_controller.rb:49:in `index'
  [1m[36mUser Load (0.6ms)[0m  [1m[34mSELECT "users".* FROM "users" WHERE "users"."id" = '7ce9e54a-69e0-423b-b490-297d7e47be40' /*action='index',application='LinearClone',controller='issues'*/[0m
  ↳ app/controllers/api/v1/issues_controller.rb:49:in `index'
  [1m[36mTeam Load (1.7ms)[0m  [1m[34mSELECT "teams".* FROM "teams" WHERE "teams"."id" = '901d5d92-a0f2-43cc-a4aa-1e4f96506d1a' /*action='index',application='LinearClone',controller='issues'*/[0m
  ↳ app/controllers/api/v1/issues_controller.rb:49:in `index'
Processing by Api::V1::ProjectsController#index as JSON
  Parameters: {"project"=>{}}
  [1m[36mIssueLabel Load (0.5ms)[0m  [1m[34mSELECT "issue_labels".* FROM "issue_labels" WHERE "issue_labels"."issue_id" = '36cce98d-0659-463f-88cc-6aadd7cd8dd7' /*action='index',application='LinearClone',controller='issues'*/[0m
  ↳ app/controllers/api/v1/issues_controller.rb:49:in `index'
  [1m[36mUser Load (0.5ms)[0m  [1m[34mSELECT "users".* FROM "users" WHERE "users"."id" = '7ce9e54a-69e0-423b-b490-297d7e47be40' LIMIT 1 /*action='index',application='LinearClone',controller='projects'*/[0m
Completed 200 OK in 18ms (Views: 0.1ms | ActiveRecord: 9.2ms (5 queries, 0 cached) | GC: 2.3ms)


  ↳ app/controllers/application_controller.rb:15:in `current_user'
  [1m[36mProject Load (0.7ms)[0m  [1m[34mSELECT "projects".* FROM "projects" ORDER BY "projects"."name" ASC /*action='index',application='LinearClone',controller='projects'*/[0m
  ↳ app/controllers/api/v1/projects_controller.rb:17:in `index'
Completed 200 OK in 4ms (Views: 0.0ms | ActiveRecord: 1.2ms (2 queries, 0 cached) | GC: 0.4ms)


Started GET "/api/v1/issues?team_id=901d5d92-a0f2-43cc-a4aa-1e4f96506d1a&status=backlog" for ::1 at 2026-01-25 22:46:45 -0300
Started GET "/api/v1/projects" for ::1 at 2026-01-25 22:46:45 -0300
Processing by Api::V1::IssuesController#index as JSON
  Parameters: {"team_id"=>"901d5d92-a0f2-43cc-a4aa-1e4f96506d1a", "status"=>"backlog", "issue"=>{}}
  [1m[36mUser Load (0.3ms)[0m  [1m[34mSELECT "users".* FROM "users" WHERE "users"."id" = '7ce9e54a-69e0-423b-b490-297d7e47be40' LIMIT 1 /*action='index',application='LinearClone',controller='issues'*/[0m
  ↳ app/controllers/application_controller.rb:15:in `current_user'
  [1m[36mIssue Load (0.5ms)[0m  [1m[34mSELECT "issues".* FROM "issues" WHERE "issues"."team_id" = '901d5d92-a0f2-43cc-a4aa-1e4f96506d1a' AND "issues"."status" = 'backlog' ORDER BY "issues"."sort_order" ASC, "issues"."created_at" DESC /*action='index',application='LinearClone',controller='issues'*/[0m
  ↳ app/controllers/api/v1/issues_controller.rb:49:in `index'
Processing by Api::V1::ProjectsController#index as JSON
  Parameters: {"project"=>{}}
  [1m[36mUser Load (0.3ms)[0m  [1m[34mSELECT "users".* FROM "users" WHERE "users"."id" = '7ce9e54a-69e0-423b-b490-297d7e47be40' LIMIT 1 /*action='index',application='LinearClone',controller='projects'*/[0m
  [1m[36mUser Load (1.6ms)[0m  [1m[34mSELECT "users".* FROM "users" WHERE "users"."id" = '7ce9e54a-69e0-423b-b490-297d7e47be40' /*action='index',application='LinearClone',controller='issues'*/[0m
  ↳ app/controllers/application_controller.rb:15:in `current_user'
  ↳ app/controllers/api/v1/issues_controller.rb:49:in `index'
  [1m[36mProject Load (4.2ms)[0m  [1m[34mSELECT "projects".* FROM "projects" ORDER BY "projects"."name" ASC /*action='index',application='LinearClone',controller='projects'*/[0m
  ↳ app/controllers/api/v1/projects_controller.rb:17:in `index'
  [1m[36mTeam Load (3.0ms)[0m  [1m[34mSELECT "teams".* FROM "teams" WHERE "teams"."id" = '901d5d92-a0f2-43cc-a4aa-1e4f96506d1a' /*action='index',application='LinearClone',controller='issues'*/[0m
Completed 200 OK in 8ms (Views: 0.1ms | ActiveRecord: 4.5ms (2 queries, 0 cached) | GC: 0.2ms)


  ↳ app/controllers/api/v1/issues_controller.rb:49:in `index'
  [1m[36mIssueLabel Load (0.7ms)[0m  [1m[34mSELECT "issue_labels".* FROM "issue_labels" WHERE "issue_labels"."issue_id" = '36cce98d-0659-463f-88cc-6aadd7cd8dd7' /*action='index',application='LinearClone',controller='issues'*/[0m
  ↳ app/controllers/api/v1/issues_controller.rb:49:in `index'
Completed 200 OK in 17ms (Views: 0.1ms | ActiveRecord: 6.1ms (5 queries, 0 cached) | GC: 0.9ms)


Started GET "/api/v1/projects" for ::1 at 2026-01-25 22:46:51 -0300
Started GET "/api/v1/teams" for ::1 at 2026-01-25 22:46:51 -0300
Started GET "/api/v1/issues?team_id=901d5d92-a0f2-43cc-a4aa-1e4f96506d1a&status=backlog" for ::1 at 2026-01-25 22:46:51 -0300
Processing by Api::V1::ProjectsController#index as JSON
Processing by Api::V1::TeamsController#index as JSON
Processing by Api::V1::IssuesController#index as JSON
  Parameters: {"project"=>{}}
  Parameters: {"team"=>{}}
  Parameters: {"team_id"=>"901d5d92-a0f2-43cc-a4aa-1e4f96506d1a", "status"=>"backlog", "issue"=>{}}
  [1m[36mUser Load (0.6ms)[0m  [1m[34mSELECT "users".* FROM "users" WHERE "users"."id" = '7ce9e54a-69e0-423b-b490-297d7e47be40' LIMIT 1 /*action='index',application='LinearClone',controller='projects'*/[0m
  ↳ app/controllers/application_controller.rb:15:in `current_user'
  [1m[36mUser Load (0.8ms)[0m  [1m[34mSELECT "users".* FROM "users" WHERE "users"."id" = '7ce9e54a-69e0-423b-b490-297d7e47be40' LIMIT 1 /*action='index',application='LinearClone',controller='teams'*/[0m
  [1m[36mUser Load (1.6ms)[0m  [1m[34mSELECT "users".* FROM "users" WHERE "users"."id" = '7ce9e54a-69e0-423b-b490-297d7e47be40' LIMIT 1 /*action='index',application='LinearClone',controller='issues'*/[0m
  ↳ app/controllers/application_controller.rb:15:in `current_user'
  ↳ app/controllers/application_controller.rb:15:in `current_user'
  [1m[36mProject Load (0.8ms)[0m  [1m[34mSELECT "projects".* FROM "projects" ORDER BY "projects"."name" ASC /*action='index',application='LinearClone',controller='projects'*/[0m
  ↳ app/controllers/api/v1/projects_controller.rb:17:in `index'
  [1m[36mTeam Load (0.2ms)[0m  [1m[34mSELECT "teams".* FROM "teams" ORDER BY "teams"."name" ASC /*action='index',application='LinearClone',controller='teams'*/[0m
Completed 200 OK in 4ms (Views: 0.1ms | ActiveRecord: 1.3ms (2 queries, 0 cached) | GC: 0.2ms)


  ↳ app/controllers/api/v1/teams_controller.rb:13:in `index'
  [1m[36mIssue Load (1.0ms)[0m  [1m[34mSELECT "issues".* FROM "issues" WHERE "issues"."team_id" = '901d5d92-a0f2-43cc-a4aa-1e4f96506d1a' AND "issues"."status" = 'backlog' ORDER BY "issues"."sort_order" ASC, "issues"."created_at" DESC /*action='index',application='LinearClone',controller='issues'*/[0m
  ↳ app/controllers/api/v1/issues_controller.rb:49:in `index'
  [1m[36mUser Load (0.5ms)[0m  [1m[34mSELECT "users".* FROM "users" WHERE "users"."id" = '7ce9e54a-69e0-423b-b490-297d7e47be40' /*action='index',application='LinearClone',controller='issues'*/[0m
  ↳ app/controllers/api/v1/issues_controller.rb:49:in `index'
  [1m[36mTeamMembership Load (0.5ms)[0m  [1m[34mSELECT "team_memberships".* FROM "team_memberships" WHERE "team_memberships"."team_id" IN ('9f31461f-5b5b-4c34-bacb-4729964f109d', '901d5d92-a0f2-43cc-a4aa-1e4f96506d1a', '2775f5a1-a921-481e-97da-41d28b861063') /*action='index',application='LinearClone',controller='teams'*/[0m
  ↳ app/controllers/api/v1/teams_controller.rb:13:in `index'
  [1m[36mTeam Load (0.9ms)[0m  [1m[34mSELECT "teams".* FROM "teams" WHERE "teams"."id" = '901d5d92-a0f2-43cc-a4aa-1e4f96506d1a' /*action='index',application='LinearClone',controller='issues'*/[0m
  ↳ app/controllers/api/v1/issues_controller.rb:49:in `index'
  [1m[36mUser Load (0.4ms)[0m  [1m[34mSELECT "users".* FROM "users" WHERE "users"."id" = '7ce9e54a-69e0-423b-b490-297d7e47be40' /*action='index',application='LinearClone',controller='teams'*/[0m
  ↳ app/controllers/api/v1/teams_controller.rb:13:in `index'
Started GET "/api/v1/projects" for ::1 at 2026-01-25 22:46:51 -0300
Completed 200 OK in 8ms (Views: 0.1ms | ActiveRecord: 2.0ms (4 queries, 0 cached) | GC: 0.6ms)


  [1m[36mIssueLabel Load (0.8ms)[0m  [1m[34mSELECT "issue_labels".* FROM "issue_labels" WHERE "issue_labels"."issue_id" = '36cce98d-0659-463f-88cc-6aadd7cd8dd7' /*action='index',application='LinearClone',controller='issues'*/[0m
  ↳ app/controllers/api/v1/issues_controller.rb:49:in `index'
Completed 200 OK in 10ms (Views: 0.1ms | ActiveRecord: 4.4ms (5 queries, 0 cached) | GC: 0.6ms)


Started GET "/api/v1/issues?team_id=901d5d92-a0f2-43cc-a4aa-1e4f96506d1a&status=backlog" for ::1 at 2026-01-25 22:46:51 -0300
Processing by Api::V1::ProjectsController#index as JSON
  Parameters: {"project"=>{}}
  [1m[36mUser Load (0.4ms)[0m  [1m[34mSELECT "users".* FROM "users" WHERE "users"."id" = '7ce9e54a-69e0-423b-b490-297d7e47be40' LIMIT 1 /*action='index',application='LinearClone',controller='projects'*/[0m
  ↳ app/controllers/application_controller.rb:15:in `current_user'
  [1m[36mProject Load (0.2ms)[0m  [1m[34mSELECT "projects".* FROM "projects" ORDER BY "projects"."name" ASC /*action='index',application='LinearClone',controller='projects'*/[0m
  ↳ app/controllers/api/v1/projects_controller.rb:17:in `index'
Completed 200 OK in 2ms (Views: 0.0ms | ActiveRecord: 0.5ms (2 queries, 0 cached) | GC: 0.0ms)


Processing by Api::V1::IssuesController#index as JSON
  Parameters: {"team_id"=>"901d5d92-a0f2-43cc-a4aa-1e4f96506d1a", "status"=>"backlog", "issue"=>{}}
  [1m[36mUser Load (0.2ms)[0m  [1m[34mSELECT "users".* FROM "users" WHERE "users"."id" = '7ce9e54a-69e0-423b-b490-297d7e47be40' LIMIT 1 /*action='index',application='LinearClone',controller='issues'*/[0m
  ↳ app/controllers/application_controller.rb:15:in `current_user'
Started GET "/api/v1/projects" for ::1 at 2026-01-25 22:46:51 -0300
  [1m[36mIssue Load (0.4ms)[0m  [1m[34mSELECT "issues".* FROM "issues" WHERE "issues"."team_id" = '901d5d92-a0f2-43cc-a4aa-1e4f96506d1a' AND "issues"."status" = 'backlog' ORDER BY "issues"."sort_order" ASC, "issues"."created_at" DESC /*action='index',application='LinearClone',controller='issues'*/[0m
  ↳ app/controllers/api/v1/issues_controller.rb:49:in `index'
  [1m[36mUser Load (0.2ms)[0m  [1m[34mSELECT "users".* FROM "users" WHERE "users"."id" = '7ce9e54a-69e0-423b-b490-297d7e47be40' /*action='index',application='LinearClone',controller='issues'*/[0m
  ↳ app/controllers/api/v1/issues_controller.rb:49:in `index'
  [1m[36mTeam Load (0.1ms)[0m  [1m[34mSELECT "teams".* FROM "teams" WHERE "teams"."id" = '901d5d92-a0f2-43cc-a4aa-1e4f96506d1a' /*action='index',application='LinearClone',controller='issues'*/[0m
  ↳ app/controllers/api/v1/issues_controller.rb:49:in `index'
  [1m[36mIssueLabel Load (0.3ms)[0m  [1m[34mSELECT "issue_labels".* FROM "issue_labels" WHERE "issue_labels"."issue_id" = '36cce98d-0659-463f-88cc-6aadd7cd8dd7' /*action='index',application='LinearClone',controller='issues'*/[0m
  ↳ app/controllers/api/v1/issues_controller.rb:49:in `index'
Completed 200 OK in 5ms (Views: 0.1ms | ActiveRecord: 1.3ms (5 queries, 0 cached) | GC: 0.3ms)


Processing by Api::V1::ProjectsController#index as JSON
  Parameters: {"project"=>{}}
  [1m[36mUser Load (0.4ms)[0m  [1m[34mSELECT "users".* FROM "users" WHERE "users"."id" = '7ce9e54a-69e0-423b-b490-297d7e47be40' LIMIT 1 /*action='index',application='LinearClone',controller='projects'*/[0m
  ↳ app/controllers/application_controller.rb:15:in `current_user'
  [1m[36mProject Load (0.3ms)[0m  [1m[34mSELECT "projects".* FROM "projects" ORDER BY "projects"."name" ASC /*action='index',application='LinearClone',controller='projects'*/[0m
  ↳ app/controllers/api/v1/projects_controller.rb:17:in `index'
Completed 200 OK in 2ms (Views: 0.1ms | ActiveRecord: 0.6ms (2 queries, 0 cached) | GC: 0.1ms)


Started GET "/api/v1/auth/me" for ::1 at 2026-01-25 22:51:02 -0300
Processing by Api::V1::Auth::SessionsController#me as JSON
  Parameters: {"session"=>{}}
  [1m[36mUser Load (1.7ms)[0m  [1m[34mSELECT "users".* FROM "users" WHERE "users"."id" = '7ce9e54a-69e0-423b-b490-297d7e47be40' LIMIT 1 /*action='me',application='LinearClone',controller='sessions'*/[0m
  ↳ app/controllers/application_controller.rb:15:in `current_user'
  [1m[36mTeam Load (2.1ms)[0m  [1m[34mSELECT "teams".* FROM "teams" ORDER BY "teams"."name" ASC /*action='me',application='LinearClone',controller='sessions'*/[0m
  ↳ app/controllers/api/v1/auth/sessions_controller.rb:119:in `auth_response'
  [1m[36mProject Load (0.3ms)[0m  [1m[34mSELECT "projects".* FROM "projects" WHERE "projects"."status" = 'active' ORDER BY "projects"."name" ASC /*action='me',application='LinearClone',controller='sessions'*/[0m
  ↳ app/controllers/api/v1/auth/sessions_controller.rb:120:in `auth_response'
Completed 200 OK in 11ms (Views: 0.2ms | ActiveRecord: 4.1ms (3 queries, 0 cached) | GC: 0.3ms)


Started GET "/api/v1/projects" for ::1 at 2026-01-25 22:51:02 -0300
Started GET "/api/v1/teams" for ::1 at 2026-01-25 22:51:02 -0300
Processing by Api::V1::ProjectsController#index as JSON
  Parameters: {"project"=>{}}
Processing by Api::V1::TeamsController#index as JSON
  Parameters: {"team"=>{}}
  [1m[36mUser Load (0.6ms)[0m  [1m[34mSELECT "users".* FROM "users" WHERE "users"."id" = '7ce9e54a-69e0-423b-b490-297d7e47be40' LIMIT 1 /*action='index',application='LinearClone',controller='projects'*/[0m
  ↳ app/controllers/application_controller.rb:15:in `current_user'
  [1m[36mProject Load (0.3ms)[0m  [1m[34mSELECT "projects".* FROM "projects" ORDER BY "projects"."name" ASC /*action='index',application='LinearClone',controller='projects'*/[0m
  ↳ app/controllers/api/v1/projects_controller.rb:17:in `index'
Completed 200 OK in 2ms (Views: 0.0ms | ActiveRecord: 1.0ms (2 queries, 0 cached) | GC: 0.4ms)


  [1m[36mUser Load (1.2ms)[0m  [1m[34mSELECT "users".* FROM "users" WHERE "users"."id" = '7ce9e54a-69e0-423b-b490-297d7e47be40' LIMIT 1 /*action='index',application='LinearClone',controller='teams'*/[0m
  ↳ app/controllers/application_controller.rb:15:in `current_user'
  [1m[36mTeam Load (0.2ms)[0m  [1m[34mSELECT "teams".* FROM "teams" ORDER BY "teams"."name" ASC /*action='index',application='LinearClone',controller='teams'*/[0m
  ↳ app/controllers/api/v1/teams_controller.rb:13:in `index'
  [1m[36mTeamMembership Load (0.3ms)[0m  [1m[34mSELECT "team_memberships".* FROM "team_memberships" WHERE "team_memberships"."team_id" IN ('9f31461f-5b5b-4c34-bacb-4729964f109d', '901d5d92-a0f2-43cc-a4aa-1e4f96506d1a', '2775f5a1-a921-481e-97da-41d28b861063') /*action='index',application='LinearClone',controller='teams'*/[0m
  ↳ app/controllers/api/v1/teams_controller.rb:13:in `index'
  [1m[36mUser Load (0.2ms)[0m  [1m[34mSELECT "users".* FROM "users" WHERE "users"."id" = '7ce9e54a-69e0-423b-b490-297d7e47be40' /*action='index',application='LinearClone',controller='teams'*/[0m
  ↳ app/controllers/api/v1/teams_controller.rb:13:in `index'
Completed 200 OK in 5ms (Views: 0.1ms | ActiveRecord: 2.0ms (4 queries, 0 cached) | GC: 0.0ms)


Started GET "/api/v1/teams" for ::1 at 2026-01-25 22:51:02 -0300
Started GET "/api/v1/projects" for ::1 at 2026-01-25 22:51:02 -0300
Started GET "/api/v1/issues?team_id=901d5d92-a0f2-43cc-a4aa-1e4f96506d1a&status=backlog" for ::1 at 2026-01-25 22:51:02 -0300
Processing by Api::V1::TeamsController#index as JSON
  Parameters: {"team"=>{}}
  [1m[36mUser Load (0.5ms)[0m  [1m[34mSELECT "users".* FROM "users" WHERE "users"."id" = '7ce9e54a-69e0-423b-b490-297d7e47be40' LIMIT 1 /*action='index',application='LinearClone',controller='teams'*/[0m
  ↳ app/controllers/application_controller.rb:15:in `current_user'
  [1m[36mTeam Load (0.2ms)[0m  [1m[34mSELECT "teams".* FROM "teams" ORDER BY "teams"."name" ASC /*action='index',application='LinearClone',controller='teams'*/[0m
  ↳ app/controllers/api/v1/teams_controller.rb:13:in `index'
Processing by Api::V1::ProjectsController#index as JSON
  Parameters: {"project"=>{}}
Processing by Api::V1::IssuesController#index as JSON
  Parameters: {"team_id"=>"901d5d92-a0f2-43cc-a4aa-1e4f96506d1a", "status"=>"backlog", "issue"=>{}}
  [1m[36mTeamMembership Load (4.9ms)[0m  [1m[34mSELECT "team_memberships".* FROM "team_memberships" WHERE "team_memberships"."team_id" IN ('9f31461f-5b5b-4c34-bacb-4729964f109d', '901d5d92-a0f2-43cc-a4aa-1e4f96506d1a', '2775f5a1-a921-481e-97da-41d28b861063') /*action='index',application='LinearClone',controller='teams'*/[0m
  ↳ app/controllers/api/v1/teams_controller.rb:13:in `index'
  [1m[36mUser Load (4.7ms)[0m  [1m[34mSELECT "users".* FROM "users" WHERE "users"."id" = '7ce9e54a-69e0-423b-b490-297d7e47be40' LIMIT 1 /*action='index',application='LinearClone',controller='projects'*/[0m
  ↳ app/controllers/application_controller.rb:15:in `current_user'
  [1m[36mUser Load (5.0ms)[0m  [1m[34mSELECT "users".* FROM "users" WHERE "users"."id" = '7ce9e54a-69e0-423b-b490-297d7e47be40' LIMIT 1 /*action='index',application='LinearClone',controller='issues'*/[0m
  [1m[36mUser Load (0.5ms)[0m  [1m[34mSELECT "users".* FROM "users" WHERE "users"."id" = '7ce9e54a-69e0-423b-b490-297d7e47be40' /*action='index',application='LinearClone',controller='teams'*/[0m
  ↳ app/controllers/application_controller.rb:15:in `current_user'
  ↳ app/controllers/api/v1/teams_controller.rb:13:in `index'
  [1m[36mProject Load (0.7ms)[0m  [1m[34mSELECT "projects".* FROM "projects" ORDER BY "projects"."name" ASC /*action='index',application='LinearClone',controller='projects'*/[0m
Completed 200 OK in 12ms (Views: 0.1ms | ActiveRecord: 6.1ms (4 queries, 0 cached) | GC: 2.2ms)


  ↳ app/controllers/api/v1/projects_controller.rb:17:in `index'
  [1m[36mIssue Load (1.4ms)[0m  [1m[34mSELECT "issues".* FROM "issues" WHERE "issues"."team_id" = '901d5d92-a0f2-43cc-a4aa-1e4f96506d1a' AND "issues"."status" = 'backlog' ORDER BY "issues"."sort_order" ASC, "issues"."created_at" DESC /*action='index',application='LinearClone',controller='issues'*/[0m
Completed 200 OK in 8ms (Views: 0.0ms | ActiveRecord: 5.4ms (2 queries, 0 cached) | GC: 2.9ms)


  ↳ app/controllers/api/v1/issues_controller.rb:49:in `index'
  [1m[36mUser Load (0.2ms)[0m  [1m[34mSELECT "users".* FROM "users" WHERE "users"."id" = '7ce9e54a-69e0-423b-b490-297d7e47be40' /*action='index',application='LinearClone',controller='issues'*/[0m
  ↳ app/controllers/api/v1/issues_controller.rb:49:in `index'
  [1m[36mTeam Load (0.2ms)[0m  [1m[34mSELECT "teams".* FROM "teams" WHERE "teams"."id" = '901d5d92-a0f2-43cc-a4aa-1e4f96506d1a' /*action='index',application='LinearClone',controller='issues'*/[0m
  ↳ app/controllers/api/v1/issues_controller.rb:49:in `index'
  [1m[36mIssueLabel Load (0.2ms)[0m  [1m[34mSELECT "issue_labels".* FROM "issue_labels" WHERE "issue_labels"."issue_id" = '36cce98d-0659-463f-88cc-6aadd7cd8dd7' /*action='index',application='LinearClone',controller='issues'*/[0m
  ↳ app/controllers/api/v1/issues_controller.rb:49:in `index'
Completed 200 OK in 12ms (Views: 0.1ms | ActiveRecord: 7.0ms (5 queries, 0 cached) | GC: 3.3ms)


Started GET "/api/v1/issues?team_id=901d5d92-a0f2-43cc-a4aa-1e4f96506d1a" for ::1 at 2026-01-25 22:51:04 -0300
Processing by Api::V1::IssuesController#index as JSON
  Parameters: {"team_id"=>"901d5d92-a0f2-43cc-a4aa-1e4f96506d1a", "issue"=>{}}
  [1m[36mUser Load (0.4ms)[0m  [1m[34mSELECT "users".* FROM "users" WHERE "users"."id" = '7ce9e54a-69e0-423b-b490-297d7e47be40' LIMIT 1 /*action='index',application='LinearClone',controller='issues'*/[0m
  ↳ app/controllers/application_controller.rb:15:in `current_user'
  [1m[36mIssue Load (0.5ms)[0m  [1m[34mSELECT "issues".* FROM "issues" WHERE "issues"."team_id" = '901d5d92-a0f2-43cc-a4aa-1e4f96506d1a' ORDER BY "issues"."sort_order" ASC, "issues"."created_at" DESC /*action='index',application='LinearClone',controller='issues'*/[0m
  ↳ app/controllers/api/v1/issues_controller.rb:49:in `index'
  [1m[36mUser Load (0.2ms)[0m  [1m[34mSELECT "users".* FROM "users" WHERE "users"."id" = '7ce9e54a-69e0-423b-b490-297d7e47be40' /*action='index',application='LinearClone',controller='issues'*/[0m
  ↳ app/controllers/api/v1/issues_controller.rb:49:in `index'
  [1m[36mTeam Load (0.3ms)[0m  [1m[34mSELECT "teams".* FROM "teams" WHERE "teams"."id" = '901d5d92-a0f2-43cc-a4aa-1e4f96506d1a' /*action='index',application='LinearClone',controller='issues'*/[0m
  ↳ app/controllers/api/v1/issues_controller.rb:49:in `index'
  [1m[36mIssueLabel Load (0.8ms)[0m  [1m[34mSELECT "issue_labels".* FROM "issue_labels" WHERE "issue_labels"."issue_id" = '36cce98d-0659-463f-88cc-6aadd7cd8dd7' /*action='index',application='LinearClone',controller='issues'*/[0m
  ↳ app/controllers/api/v1/issues_controller.rb:49:in `index'
Completed 200 OK in 8ms (Views: 0.1ms | ActiveRecord: 2.3ms (5 queries, 0 cached) | GC: 0.4ms)


Started GET "/api/v1/auth/me" for ::1 at 2026-01-25 22:51:13 -0300
Processing by Api::V1::Auth::SessionsController#me as JSON
  Parameters: {"session"=>{}}
  [1m[36mUser Load (0.4ms)[0m  [1m[34mSELECT "users".* FROM "users" WHERE "users"."id" = '7ce9e54a-69e0-423b-b490-297d7e47be40' LIMIT 1 /*action='me',application='LinearClone',controller='sessions'*/[0m
  ↳ app/controllers/application_controller.rb:15:in `current_user'
  [1m[36mTeam Load (0.2ms)[0m  [1m[34mSELECT "teams".* FROM "teams" ORDER BY "teams"."name" ASC /*action='me',application='LinearClone',controller='sessions'*/[0m
  ↳ app/controllers/api/v1/auth/sessions_controller.rb:119:in `auth_response'
  [1m[36mProject Load (0.2ms)[0m  [1m[34mSELECT "projects".* FROM "projects" WHERE "projects"."status" = 'active' ORDER BY "projects"."name" ASC /*action='me',application='LinearClone',controller='sessions'*/[0m
  ↳ app/controllers/api/v1/auth/sessions_controller.rb:120:in `auth_response'
Completed 200 OK in 4ms (Views: 0.1ms | ActiveRecord: 0.8ms (3 queries, 0 cached) | GC: 0.3ms)


Started GET "/api/v1/teams" for ::1 at 2026-01-25 22:51:13 -0300
Started GET "/api/v1/projects" for ::1 at 2026-01-25 22:51:13 -0300
Processing by Api::V1::ProjectsController#index as JSON
  Parameters: {"project"=>{}}
Processing by Api::V1::TeamsController#index as JSON
  Parameters: {"team"=>{}}
  [1m[36mUser Load (0.4ms)[0m  [1m[34mSELECT "users".* FROM "users" WHERE "users"."id" = '7ce9e54a-69e0-423b-b490-297d7e47be40' LIMIT 1 /*action='index',application='LinearClone',controller='projects'*/[0m
  ↳ app/controllers/application_controller.rb:15:in `current_user'
  [1m[36mUser Load (0.4ms)[0m  [1m[34mSELECT "users".* FROM "users" WHERE "users"."id" = '7ce9e54a-69e0-423b-b490-297d7e47be40' LIMIT 1 /*action='index',application='LinearClone',controller='teams'*/[0m
  ↳ app/controllers/application_controller.rb:15:in `current_user'
  [1m[36mProject Load (0.4ms)[0m  [1m[34mSELECT "projects".* FROM "projects" ORDER BY "projects"."name" ASC /*action='index',application='LinearClone',controller='projects'*/[0m
  ↳ app/controllers/api/v1/projects_controller.rb:17:in `index'
Completed 200 OK in 2ms (Views: 0.0ms | ActiveRecord: 0.7ms (2 queries, 0 cached) | GC: 0.0ms)


  [1m[36mTeam Load (0.4ms)[0m  [1m[34mSELECT "teams".* FROM "teams" ORDER BY "teams"."name" ASC /*action='index',application='LinearClone',controller='teams'*/[0m
  ↳ app/controllers/api/v1/teams_controller.rb:13:in `index'
  [1m[36mTeamMembership Load (0.2ms)[0m  [1m[34mSELECT "team_memberships".* FROM "team_memberships" WHERE "team_memberships"."team_id" IN ('9f31461f-5b5b-4c34-bacb-4729964f109d', '901d5d92-a0f2-43cc-a4aa-1e4f96506d1a', '2775f5a1-a921-481e-97da-41d28b861063') /*action='index',application='LinearClone',controller='teams'*/[0m
  ↳ app/controllers/api/v1/teams_controller.rb:13:in `index'
  [1m[36mUser Load (0.1ms)[0m  [1m[34mSELECT "users".* FROM "users" WHERE "users"."id" = '7ce9e54a-69e0-423b-b490-297d7e47be40' /*action='index',application='LinearClone',controller='teams'*/[0m
  ↳ app/controllers/api/v1/teams_controller.rb:13:in `index'
Completed 200 OK in 4ms (Views: 0.0ms | ActiveRecord: 1.1ms (4 queries, 0 cached) | GC: 0.1ms)


Started GET "/api/v1/teams" for ::1 at 2026-01-25 22:51:13 -0300
Started GET "/api/v1/projects" for ::1 at 2026-01-25 22:51:13 -0300
Processing by Api::V1::TeamsController#index as JSON
  Parameters: {"team"=>{}}
  [1m[36mUser Load (0.3ms)[0m  [1m[34mSELECT "users".* FROM "users" WHERE "users"."id" = '7ce9e54a-69e0-423b-b490-297d7e47be40' LIMIT 1 /*action='index',application='LinearClone',controller='teams'*/[0m
  ↳ app/controllers/application_controller.rb:15:in `current_user'
  [1m[36mTeam Load (0.3ms)[0m  [1m[34mSELECT "teams".* FROM "teams" ORDER BY "teams"."name" ASC /*action='index',application='LinearClone',controller='teams'*/[0m
  ↳ app/controllers/api/v1/teams_controller.rb:13:in `index'
  [1m[36mTeamMembership Load (0.3ms)[0m  [1m[34mSELECT "team_memberships".* FROM "team_memberships" WHERE "team_memberships"."team_id" IN ('9f31461f-5b5b-4c34-bacb-4729964f109d', '901d5d92-a0f2-43cc-a4aa-1e4f96506d1a', '2775f5a1-a921-481e-97da-41d28b861063') /*action='index',application='LinearClone',controller='teams'*/[0m
  ↳ app/controllers/api/v1/teams_controller.rb:13:in `index'
Processing by Api::V1::ProjectsController#index as JSON
  [1m[36mUser Load (0.3ms)[0m  [1m[34mSELECT "users".* FROM "users" WHERE "users"."id" = '7ce9e54a-69e0-423b-b490-297d7e47be40' /*action='index',application='LinearClone',controller='teams'*/[0m
  Parameters: {"project"=>{}}
  ↳ app/controllers/api/v1/teams_controller.rb:13:in `index'
Completed 200 OK in 5ms (Views: 0.0ms | ActiveRecord: 1.2ms (4 queries, 0 cached) | GC: 0.2ms)


  [1m[36mUser Load (0.5ms)[0m  [1m[34mSELECT "users".* FROM "users" WHERE "users"."id" = '7ce9e54a-69e0-423b-b490-297d7e47be40' LIMIT 1 /*action='index',application='LinearClone',controller='projects'*/[0m
  ↳ app/controllers/application_controller.rb:15:in `current_user'
  [1m[36mProject Load (0.3ms)[0m  [1m[34mSELECT "projects".* FROM "projects" ORDER BY "projects"."name" ASC /*action='index',application='LinearClone',controller='projects'*/[0m
  ↳ app/controllers/api/v1/projects_controller.rb:17:in `index'
Completed 200 OK in 2ms (Views: 0.0ms | ActiveRecord: 0.8ms (2 queries, 0 cached) | GC: 0.1ms)


Started GET "/api/v1/issues?team_id=9f31461f-5b5b-4c34-bacb-4729964f109d&sort=created_at&direction=desc" for ::1 at 2026-01-25 22:51:26 -0300
Processing by Api::V1::IssuesController#index as JSON
  Parameters: {"team_id"=>"9f31461f-5b5b-4c34-bacb-4729964f109d", "sort"=>"created_at", "direction"=>"desc", "issue"=>{}}
  [1m[36mUser Load (0.5ms)[0m  [1m[34mSELECT "users".* FROM "users" WHERE "users"."id" = '7ce9e54a-69e0-423b-b490-297d7e47be40' LIMIT 1 /*action='index',application='LinearClone',controller='issues'*/[0m
  ↳ app/controllers/application_controller.rb:15:in `current_user'
  [1m[36mIssue Load (0.3ms)[0m  [1m[34mSELECT "issues".* FROM "issues" WHERE "issues"."team_id" = '9f31461f-5b5b-4c34-bacb-4729964f109d' ORDER BY "issues"."created_at" DESC /*action='index',application='LinearClone',controller='issues'*/[0m
  ↳ app/controllers/api/v1/issues_controller.rb:49:in `index'
Completed 200 OK in 2ms (Views: 0.1ms | ActiveRecord: 0.8ms (2 queries, 0 cached) | GC: 0.2ms)


Started POST "/api/v1/issues" for ::1 at 2026-01-25 22:51:45 -0300
Processing by Api::V1::IssuesController#create as JSON
  Parameters: {"team_id"=>"9f31461f-5b5b-4c34-bacb-4729964f109d", "issue"=>{"title"=>"arreglar problema", "description"=>"1", "status"=>"in_progress", "priority"=>1, "assignee_id"=>"7ce9e54a-69e0-423b-b490-297d7e47be40", "due_date"=>"2026-01-25"}}
  [1m[36mUser Load (0.3ms)[0m  [1m[34mSELECT "users".* FROM "users" WHERE "users"."id" = '7ce9e54a-69e0-423b-b490-297d7e47be40' LIMIT 1 /*action='create',application='LinearClone',controller='issues'*/[0m
  ↳ app/controllers/application_controller.rb:15:in `current_user'
  [1m[36mTeam Load (0.2ms)[0m  [1m[34mSELECT "teams".* FROM "teams" WHERE "teams"."id" = '9f31461f-5b5b-4c34-bacb-4729964f109d' LIMIT 1 /*action='create',application='LinearClone',controller='issues'*/[0m
  ↳ app/controllers/api/v1/issues_controller.rb:60:in `create'
  [1m[36mTRANSACTION (0.1ms)[0m  [1m[35mBEGIN /*action='create',application='LinearClone',controller='issues'*/[0m
  ↳ app/models/team.rb:23:in `next_issue_number!'
  [1m[36mTeam Load (0.6ms)[0m  [1m[37mSELECT "teams".* FROM "teams" WHERE "teams"."id" = '9f31461f-5b5b-4c34-bacb-4729964f109d' LIMIT 1 FOR UPDATE /*action='create',application='LinearClone',controller='issues'*/[0m
  ↳ app/models/team.rb:23:in `next_issue_number!'
  [1m[36mTeam Update (0.2ms)[0m  [1m[33mUPDATE "teams" SET "issue_counter" = 1 WHERE "teams"."id" = '9f31461f-5b5b-4c34-bacb-4729964f109d' /*action='create',application='LinearClone',controller='issues'*/[0m
  ↳ app/models/team.rb:24:in `block in next_issue_number!'
  [1m[36mIssue Exists? (0.4ms)[0m  [1m[34mSELECT 1 AS one FROM "issues" WHERE "issues"."identifier" = 'DES-1' LIMIT 1 /*action='create',application='LinearClone',controller='issues'*/[0m
  ↳ app/controllers/api/v1/issues_controller.rb:64:in `create'
  [1m[36mIssue Exists? (0.6ms)[0m  [1m[34mSELECT 1 AS one FROM "issues" WHERE "issues"."number" = 1 AND "issues"."team_id" = '9f31461f-5b5b-4c34-bacb-4729964f109d' LIMIT 1 /*action='create',application='LinearClone',controller='issues'*/[0m
  ↳ app/controllers/api/v1/issues_controller.rb:64:in `create'
  [1m[36mIssue Create (24.6ms)[0m  [1m[32mINSERT INTO "issues" ("team_id", "creator_id", "assignee_id", "project_id", "parent_id", "identifier", "number", "title", "description", "description_html", "status", "priority", "due_date", "estimate", "sort_order", "started_at", "completed_at", "canceled_at", "archived_at", "search_vector", "created_at", "updated_at") VALUES ('9f31461f-5b5b-4c34-bacb-4729964f109d', '7ce9e54a-69e0-423b-b490-297d7e47be40', '7ce9e54a-69e0-423b-b490-297d7e47be40', NULL, NULL, 'DES-1', 1, 'arreglar problema', '1', NULL, 'in_progress', 1, '2026-01-25', NULL, 0, NULL, NULL, NULL, NULL, NULL, '2026-01-26 01:51:45.156555', '2026-01-26 01:51:45.156555') RETURNING "id" /*action='create',application='LinearClone',controller='issues'*/[0m
  ↳ app/controllers/api/v1/issues_controller.rb:64:in `create'
  [1m[36mIssueActivity Create (2.9ms)[0m  [1m[32mINSERT INTO "issue_activities" ("issue_id", "user_id", "action", "field", "old_value", "new_value", "created_at", "updated_at") VALUES ('d4087c71-7a7e-4f9b-a906-454208bd4054', '7ce9e54a-69e0-423b-b490-297d7e47be40', 'created', NULL, NULL, NULL, '2026-01-26 01:51:45.210711', '2026-01-26 01:51:45.210711') RETURNING "id" /*action='create',application='LinearClone',controller='issues'*/[0m
  ↳ app/models/issue.rb:96:in `record_created_activity'
  [1m[36mTRANSACTION (2.9ms)[0m  [1m[35mCOMMIT /*action='create',application='LinearClone',controller='issues'*/[0m
  ↳ app/controllers/api/v1/issues_controller.rb:64:in `create'
  [1m[36mUser Load (0.6ms)[0m  [1m[34mSELECT "users".* FROM "users" WHERE "users"."id" = '7ce9e54a-69e0-423b-b490-297d7e47be40' LIMIT 1 /*action='create',application='LinearClone',controller='issues'*/[0m
  ↳ app/controllers/api/v1/issues_controller.rb:132:in `broadcast_issue_created'
  [1m[36mLabel Load (1.8ms)[0m  [1m[34mSELECT "labels".* FROM "labels" INNER JOIN "issue_labels" ON "labels"."id" = "issue_labels"."label_id" WHERE "issue_labels"."issue_id" = 'd4087c71-7a7e-4f9b-a906-454208bd4054' /*action='create',application='LinearClone',controller='issues'*/[0m
  ↳ app/controllers/api/v1/issues_controller.rb:132:in `broadcast_issue_created'
[ActionCable] Broadcasting to issues: {:type=>"issue.created", :issue=>{:id=>"d4087c71-7a7e-4f9b-a906-454208bd4054", :archived_at=>nil, :assignee=>{:id=>"7ce9e54a-69e0-423b-b490-297d7e47be40", :avatar_url=>nil, :created_at=>"2026-01-26T01:29:11Z", :email=>"test@fintoc.com", :name=>"test@fintoc.com", :role=>"owner", :timezone=>"UTC", ...
[ActionCable] Broadcasting to team_9f31461f-5b5b-4c34-bacb-4729964f109d: {:type=>"issue.created", :issue=>{:id=>"d4087c71-7a7e-4f9b-a906-454208bd4054", :archived_at=>nil, :assignee=>{:id=>"7ce9e54a-69e0-423b-b490-297d7e47be40", :avatar_url=>nil, :created_at=>"2026-01-26T01:29:11Z", :email=>"test@fintoc.com", :name=>"test@fintoc.com", :role=>"owner", :timezone=>"UTC", ...
Completed 201 Created in 108ms (Views: 0.4ms | ActiveRecord: 54.7ms (10 queries, 0 cached) | GC: 0.8ms)


Started GET "/api/v1/issues?team_id=9f31461f-5b5b-4c34-bacb-4729964f109d" for ::1 at 2026-01-25 22:51:48 -0300
Processing by Api::V1::IssuesController#index as JSON
  Parameters: {"team_id"=>"9f31461f-5b5b-4c34-bacb-4729964f109d", "issue"=>{}}
  [1m[36mUser Load (0.9ms)[0m  [1m[34mSELECT "users".* FROM "users" WHERE "users"."id" = '7ce9e54a-69e0-423b-b490-297d7e47be40' LIMIT 1 /*action='index',application='LinearClone',controller='issues'*/[0m
  ↳ app/controllers/application_controller.rb:15:in `current_user'
  [1m[36mIssue Load (2.0ms)[0m  [1m[34mSELECT "issues".* FROM "issues" WHERE "issues"."team_id" = '9f31461f-5b5b-4c34-bacb-4729964f109d' ORDER BY "issues"."sort_order" ASC, "issues"."created_at" DESC /*action='index',application='LinearClone',controller='issues'*/[0m
  ↳ app/controllers/api/v1/issues_controller.rb:49:in `index'
  [1m[36mUser Load (5.2ms)[0m  [1m[34mSELECT "users".* FROM "users" WHERE "users"."id" = '7ce9e54a-69e0-423b-b490-297d7e47be40' /*action='index',application='LinearClone',controller='issues'*/[0m
  ↳ app/controllers/api/v1/issues_controller.rb:49:in `index'
  [1m[36mCACHE User Load (0.0ms)[0m  [1m[34mSELECT "users".* FROM "users" WHERE "users"."id" = '7ce9e54a-69e0-423b-b490-297d7e47be40'[0m
  ↳ app/controllers/api/v1/issues_controller.rb:49:in `index'
  [1m[36mTeam Load (3.8ms)[0m  [1m[34mSELECT "teams".* FROM "teams" WHERE "teams"."id" = '9f31461f-5b5b-4c34-bacb-4729964f109d' /*action='index',application='LinearClone',controller='issues'*/[0m
  ↳ app/controllers/api/v1/issues_controller.rb:49:in `index'
  [1m[36mIssueLabel Load (0.7ms)[0m  [1m[34mSELECT "issue_labels".* FROM "issue_labels" WHERE "issue_labels"."issue_id" = 'd4087c71-7a7e-4f9b-a906-454208bd4054' /*action='index',application='LinearClone',controller='issues'*/[0m
  ↳ app/controllers/api/v1/issues_controller.rb:49:in `index'
Completed 200 OK in 84ms (Views: 0.2ms | ActiveRecord: 12.1ms (6 queries, 1 cached) | GC: 0.0ms)


Started GET "/api/v1/auth/me" for ::1 at 2026-01-25 23:10:24 -0300
Processing by Api::V1::Auth::SessionsController#me as JSON
  Parameters: {"session"=>{}}
  [1m[36mUser Load (1.0ms)[0m  [1m[34mSELECT "users".* FROM "users" WHERE "users"."id" = '7ce9e54a-69e0-423b-b490-297d7e47be40' LIMIT 1 /*action='me',application='LinearClone',controller='sessions'*/[0m
  ↳ app/controllers/application_controller.rb:15:in `current_user'
  [1m[36mTeam Load (0.9ms)[0m  [1m[34mSELECT "teams".* FROM "teams" ORDER BY "teams"."name" ASC /*action='me',application='LinearClone',controller='sessions'*/[0m
  ↳ app/controllers/api/v1/auth/sessions_controller.rb:119:in `auth_response'
  [1m[36mProject Load (0.9ms)[0m  [1m[34mSELECT "projects".* FROM "projects" WHERE "projects"."status" = 'active' ORDER BY "projects"."name" ASC /*action='me',application='LinearClone',controller='sessions'*/[0m
  ↳ app/controllers/api/v1/auth/sessions_controller.rb:120:in `auth_response'
Completed 200 OK in 38ms (Views: 0.4ms | ActiveRecord: 9.9ms (3 queries, 0 cached) | GC: 0.0ms)


Started GET "/api/v1/auth/me" for ::1 at 2026-01-25 23:28:55 -0300
Processing by Api::V1::Auth::SessionsController#me as */*
Filter chain halted as :authenticate_user! rendered or redirected
Completed 401 Unauthorized in 1ms (Views: 0.2ms | ActiveRecord: 0.0ms (0 queries, 0 cached) | GC: 0.0ms)


  [1m[36mUser Load (1.2ms)[0m  [1m[34mSELECT "users".* FROM "users" WHERE "users"."email" = 'test@fintoc.com' LIMIT 1 /*application='LinearClone'*/[0m
  [1m[36mUser Exists? (0.2ms)[0m  [1m[34mSELECT 1 AS one FROM "users" WHERE "users"."magic_link_token" = 'FaZ0EbZWGGLuIX-1m2br_5JHHPHZYZbsO9ANqbSvVy8' LIMIT 1 /*application='LinearClone'*/[0m
  ↳ app/models/user.rb:43:in `block in generate_magic_link_token!'
  [1m[36mTRANSACTION (0.1ms)[0m  [1m[35mBEGIN /*application='LinearClone'*/[0m
  ↳ app/models/user.rb:46:in `generate_magic_link_token!'
  [1m[36mUser Exists? (0.6ms)[0m  [1m[34mSELECT 1 AS one FROM "users" WHERE LOWER("users"."email") = LOWER('test@fintoc.com') AND "users"."id" != '7ce9e54a-69e0-423b-b490-297d7e47be40' LIMIT 1 /*application='LinearClone'*/[0m
  ↳ app/models/user.rb:46:in `generate_magic_link_token!'
  [1m[36mUser Update (1.2ms)[0m  [1m[33mUPDATE "users" SET "updated_at" = '2026-01-26 02:31:56.596539', "magic_link_token" = 'FaZ0EbZWGGLuIX-1m2br_5JHHPHZYZbsO9ANqbSvVy8', "magic_link_sent_at" = '2026-01-26 02:31:56.593433' WHERE "users"."id" = '7ce9e54a-69e0-423b-b490-297d7e47be40' /*application='LinearClone'*/[0m
  ↳ app/models/user.rb:46:in `generate_magic_link_token!'
  [1m[36mTRANSACTION (0.8ms)[0m  [1m[35mCOMMIT /*application='LinearClone'*/[0m
  ↳ app/models/user.rb:46:in `generate_magic_link_token!'
Started POST "/api/v1/auth/verify-magic-link" for ::1 at 2026-01-25 23:32:04 -0300
Processing by Api::V1::Auth::SessionsController#verify_magic_link as */*
  Parameters: {"token"=>"[FILTERED]", "session"=>{"token"=>"[FILTERED]"}}
  [1m[36mUser Load (1.0ms)[0m  [1m[34mSELECT "users".* FROM "users" WHERE "users"."magic_link_token" = 'FaZ0EbZWGGLuIX-1m2br_5JHHPHZYZbsO9ANqbSvVy8' LIMIT 1 /*action='verify_magic_link',application='LinearClone',controller='sessions'*/[0m
  ↳ app/models/user.rb:54:in `find_by_magic_link_token'
  [1m[36mTRANSACTION (0.1ms)[0m  [1m[35mBEGIN /*action='verify_magic_link',application='LinearClone',controller='sessions'*/[0m
  ↳ app/models/user.rb:66:in `clear_magic_link_token!'
  [1m[36mUser Exists? (0.6ms)[0m  [1m[34mSELECT 1 AS one FROM "users" WHERE LOWER("users"."email") = LOWER('test@fintoc.com') AND "users"."id" != '7ce9e54a-69e0-423b-b490-297d7e47be40' LIMIT 1 /*action='verify_magic_link',application='LinearClone',controller='sessions'*/[0m
  ↳ app/models/user.rb:66:in `clear_magic_link_token!'
  [1m[36mUser Update (0.2ms)[0m  [1m[33mUPDATE "users" SET "updated_at" = '2026-01-26 02:32:04.433624', "magic_link_token" = NULL, "magic_link_sent_at" = NULL WHERE "users"."id" = '7ce9e54a-69e0-423b-b490-297d7e47be40' /*action='verify_magic_link',application='LinearClone',controller='sessions'*/[0m
  ↳ app/models/user.rb:66:in `clear_magic_link_token!'
  [1m[36mTRANSACTION (0.2ms)[0m  [1m[35mCOMMIT /*action='verify_magic_link',application='LinearClone',controller='sessions'*/[0m
  ↳ app/models/user.rb:66:in `clear_magic_link_token!'
  [1m[36mTeam Load (0.6ms)[0m  [1m[34mSELECT "teams".* FROM "teams" ORDER BY "teams"."name" ASC /*action='verify_magic_link',application='LinearClone',controller='sessions'*/[0m
  ↳ app/controllers/api/v1/auth/sessions_controller.rb:119:in `auth_response'
  [1m[36mProject Load (0.4ms)[0m  [1m[34mSELECT "projects".* FROM "projects" WHERE "projects"."status" = 'active' ORDER BY "projects"."name" ASC /*action='verify_magic_link',application='LinearClone',controller='sessions'*/[0m
  ↳ app/controllers/api/v1/auth/sessions_controller.rb:120:in `auth_response'
Completed 200 OK in 33ms (Views: 0.1ms | ActiveRecord: 10.9ms (5 queries, 0 cached) | GC: 6.7ms)


Started GET "/api/v1/auth/me" for ::1 at 2026-01-25 23:32:59 -0300
Processing by Api::V1::Auth::SessionsController#me as JSON
  Parameters: {"session"=>{}}
  [1m[36mUser Load (2.9ms)[0m  [1m[34mSELECT "users".* FROM "users" WHERE "users"."id" = '7ce9e54a-69e0-423b-b490-297d7e47be40' LIMIT 1 /*action='me',application='LinearClone',controller='sessions'*/[0m
  ↳ app/controllers/application_controller.rb:15:in `current_user'
  [1m[36mTeam Load (0.3ms)[0m  [1m[34mSELECT "teams".* FROM "teams" ORDER BY "teams"."name" ASC /*action='me',application='LinearClone',controller='sessions'*/[0m
  ↳ app/controllers/api/v1/auth/sessions_controller.rb:119:in `auth_response'
  [1m[36mProject Load (0.8ms)[0m  [1m[34mSELECT "projects".* FROM "projects" WHERE "projects"."status" = 'active' ORDER BY "projects"."name" ASC /*action='me',application='LinearClone',controller='sessions'*/[0m
  ↳ app/controllers/api/v1/auth/sessions_controller.rb:120:in `auth_response'
Completed 200 OK in 12ms (Views: 0.2ms | ActiveRecord: 4.0ms (3 queries, 0 cached) | GC: 0.7ms)


